1,Paddefield, Sharity,spaddefield0@typepad.com,128.98.148.201
3,Toke, Dominic,dtoke2@hubpages.com,145.143.182.3
5,Guyver, Dyna,dguyver4@blogtalkradio.com,155.217.78.82
6,Seeborne, Rebecka,rseeborne5@blogger.com,73.237.244.7
7,Obell, Nettie,nobell6@nifty.com,187.3.9.242
8,Davidove, Susan,sdavidove7@opensource.org,156.0.20.227
9,Pavelka, Malanie,mpavelka8@guardian.co.uk,173.48.91.81
10,Heineking, Maurene,mheineking9@ow.ly,55.66.130.99
11,Dono, Gerta,gdonoa@fastcompany.com,54.215.242.27
12,Tomenson, Abbott,atomensonb@etsy.com,105.235.37.155
13,Gianasi, Pooh,pgianasic@salon.com,0.199.118.112
15,Eckley, Hannie,heckleye@plala.or.jp,30.228.196.103
17,Kikke, Dex,dkikkeg@i2i.jp,131.9.116.119
18,Kelland, Cynthea,ckellandh@wp.com,89.195.113.127
19,Caddie, Teodoro,tcaddiei@csmonitor.com,175.203.235.87
20,Bernardot, Arlinda,abernardotj@technorati.com,76.107.43.41
21,Planke, Pammi,pplankek@cyberchimps.com,164.112.255.142
23,Pelzer, Tilda,tpelzerm@pagesperso-orange.fr,199.114.171.215
25,Chirm, Cassie,cchirmo@nbcnews.com,240.107.65.132
26,Davage, Frank,fdavagep@mapy.cz,45.83.114.153
27,Downton, Gabi,gdowntonq@reuters.com,168.192.1.121
29,Misselbrook, Kathi,kmisselbrooks@constantcontact.com,151.34.134.149
31,Brou, Prentiss,pbrouu@sohu.com,13.56.13.79
32,Snipe, Sarine,ssnipev@examiner.com,164.76.159.11
33,D'Onise, Gus,gdonisew@live.com,254.156.8.14
35,La Batie, Nerita,nlabatiey@yale.edu,46.108.76.178
37,Ahearne, Tallou,tahearne10@infoseek.co.jp,27.21.124.80
39,Slyde, Nehemiah,nslyde12@tinyurl.com,104.206.194.65
41,Jzak, Stanley,sjzak14@google.fr,188.161.54.64
42,Harker, Jerrome,jharker15@miibeian.gov.cn,212.149.161.247
43,Bugbird, Fransisco,fbugbird16@wufoo.com,88.225.67.6
44,Meeron, Mariele,mmeeron17@spotify.com,171.173.72.16
45,Insall, Trevor,tinsall18@apple.com,99.235.79.139
47,Drain, Pennie,pdrain1a@kickstarter.com,25.117.5.109
48,Gingel, Midge,mgingel1b@twitpic.com,158.3.53.91
49,Pleager, Brandy,bpleager1c@usgs.gov,200.141.235.210
50,Pendrey, Christine,cpendrey1d@printfriendly.com,186.118.123.179
51,Juza, Onofredo,ojuza1e@ezinearticles.com,6.48.145.140
52,Minard, Nancie,nminard1f@bbb.org,158.9.207.231
53,Pantlin, Haskel,hpantlin1g@biglobe.ne.jp,47.205.203.179
55,Treagust, Arvin,atreagust1i@photobucket.com,211.251.110.244
57,Aloigi, Norbie,naloigi1k@europa.eu,52.71.22.47
58,Sacher, Celeste,csacher1l@walmart.com,150.196.120.68
59,Golthorpp, Granger,ggolthorpp1m@intel.com,221.87.179.92
61,Benito, Demetria,dbenito1o@nifty.com,32.140.67.178
63,Mc Cahey, Neville,nmccahey1q@whitehouse.gov,69.227.182.224
64,Leek, Bethany,bleek1r@indiegogo.com,23.99.12.168
65,Scollan, April,ascollan1s@t.co,203.14.131.53
67,Klimontovich, Sibelle,sklimontovich1u@telegraph.co.uk,129.9.97.19
68,Dana, Ella,edana1v@tripod.com,154.75.128.247
69,Loadwick, Francesca,floadwick1w@tamu.edu,80.208.11.29
70,Culpan, Barb,bculpan1x@usatoday.com,241.40.99.61
71,Botton, Livia,lbotton1y@dion.ne.jp,45.172.153.85
73,Guile, Tabb,tguile20@cam.ac.uk,2.98.133.38
74,Tuff, Kary,ktuff21@narod.ru,99.210.217.104
75,Tippler, Vanya,vtippler22@ucla.edu,234.26.84.152
76,Brakespear, Tarah,tbrakespear23@tinypic.com,137.26.184.198
77,Lidgely, Vitoria,vlidgely24@example.com,43.222.119.168
78,Ayton, Lynea,layton25@zdnet.com,80.72.6.237
79,Gomery, Karna,kgomery26@quantcast.com,65.186.233.252
80,Walenta, Cheryl,cwalenta27@about.me,162.103.140.95
81,Haldin, Berna,bhaldin28@indiatimes.com,242.89.239.5
83,Illesley, Drusi,dillesley2a@google.cn,199.145.96.127
84,Semerad, Archambault,asemerad2b@wordpress.org,110.120.242.92
85,Force, Milt,mforce2c@drupal.org,2.87.111.180
87,Twine, Shelbi,stwine2e@reddit.com,106.166.140.85
89,Berceros, Horacio,hberceros2g@1und1.de,25.98.11.176
90,Glidder, Abbi,aglidder2h@adobe.com,190.100.114.90
91,Tulloch, Guillaume,gtulloch2i@java.com,173.250.10.158
93,Ashingden, Ardeen,aashingden2k@scribd.com,0.118.73.3
94,Geelan, Emyle,egeelan2l@merriam-webster.com,31.24.104.213
95,Skrine, Darren,dskrine2m@free.fr,222.232.114.229
96,Guarnier, Emogene,eguarnier2n@google.fr,17.10.16.173
97,Gosford, Raphael,rgosford2o@admin.ch,199.199.157.189
99,McDonand, Chloe,cmcdonand2q@sogou.com,101.23.144.49
100,Bilsborrow, Christyna,cbilsborrow2r@tripod.com,55.19.137.134
101,Genney, Barnabe,bgenney0@imageshack.us,63.111.9.11
102,Rulton, Sheilakathryn,srulton1@ibm.com,116.122.231.140
103,Noice, Joyan,jnoice2@unc.edu,187.186.172.159
104,Minichi, Karlen,kminichi3@about.me,187.155.236.72
105,Stickels, Wilone,wstickels4@newsvine.com,93.70.169.204
107,Bentick, Sidnee,sbentick6@examiner.com,0.227.49.238
109,Meeron, Taber,tmeeron8@barnesandnoble.com,169.63.109.188
110,Birkbeck, Denni,dbirkbeck9@biglobe.ne.jp,55.226.121.157
111,Creaser, Florian,fcreasera@so-net.ne.jp,246.190.210.63
113,Cantua, Aldus,acantuac@unc.edu,236.71.24.210
115,Ravenhills, Kitty,kravenhillse@studiopress.com,226.168.161.58
116,Yarrall, Leila,lyarrallf@bandcamp.com,209.79.138.115
117,Cristobal, Fanechka,fcristobalg@theatlantic.com,99.50.11.24
118,Rosso, Theodora,trossoh@gov.uk,61.57.179.49
119,Twigger, Frants,ftwiggeri@cam.ac.uk,242.214.243.130
120,Keohane, Rycca,rkeohanej@themeforest.net,33.84.185.248
121,Speeks, Jeth,jspeeksk@japanpost.jp,159.118.236.232
122,Goodburn, Riane,rgoodburnl@opera.com,34.250.244.237
123,Brownhall, Dell,dbrownhallm@wikimedia.org,38.41.0.16
125,Aldersey, Viki,valderseyo@parallels.com,159.129.73.118
127,Twidle, Urson,utwidleq@omniture.com,221.39.93.121
128,Lemanu, Lanny,llemanur@ustream.tv,50.80.13.76
129,Riseborough, Giffer,griseboroughs@gov.uk,66.187.236.208
131,Cassley, Ambur,acassleyu@irs.gov,239.64.211.126
132,Gowenlock, Clem,cgowenlockv@mayoclinic.com,247.42.5.221
133,Slay, Pauletta,pslayw@stanford.edu,16.94.134.194
134,Pryce, Melina,mprycex@usnews.com,208.171.224.122
135,Leddy, Gun,gleddyy@webeden.co.uk,208.224.90.185
136,Maggiore, Verina,vmaggiorez@mysql.com,64.202.212.69
137,Gabbatt, Torre,tgabbatt10@aboutads.info,102.143.93.42
139,Herity, Fabien,fherity12@hugedomains.com,17.217.55.10
140,Dutch, Silvio,sdutch13@ning.com,50.68.189.77
141,Hartridge, Darline,dhartridge14@wordpress.org,205.51.175.131
143,Jirusek, Sansone,sjirusek16@tripod.com,74.228.16.236
145,Doreward, Gustavo,gdoreward18@vinaora.com,43.52.108.178
146,D'Aeth, Kissie,kdaeth19@homestead.com,166.56.176.223
147,McPaik, Shayne,smcpaik1a@google.co.uk,185.35.183.228
149,McMinn, Sonny,smcminn1c@hc360.com,54.151.165.174
150,Daysh, Nicolina,ndaysh1d@fema.gov,155.253.192.174
151,Whacket, Rozelle,rwhacket1e@delicious.com,244.236.33.101
152,Paffett, Rochella,rpaffett1f@skype.com,203.163.129.139
153,Digance, Katha,kdigance1g@eepurl.com,6.113.40.70
154,Tomisch, Halimeda,htomisch1h@1688.com,56.113.140.236
155,Charlesworth, Clive,ccharlesworth1i@adobe.com,102.69.111.18
157,Schwerin, Morgan,mschwerin1k@dell.com,146.145.91.172
159,Southworth, Sheila-kathryn,ssouthworth1m@pbs.org,121.200.139.92
160,Pugh, Tatum,tpugh1n@nydailynews.com,34.231.131.107
161,Boeck, Kiley,kboeck1o@chronoengine.com,243.245.40.245
163,Heckney, Jolee,jheckney1q@ocn.ne.jp,49.127.73.3
164,O'Brogane, Rea,robrogane1r@ning.com,177.185.162.108
165,Tallis, Denny,dtallis1s@nationalgeographic.com,118.20.144.115
167,Mustoo, Babbette,bmustoo1u@cbc.ca,96.153.186.82
168,Berrie, Kyrstin,kberrie1v@canalblog.com,245.69.250.42
169,Ridd, Hort,hridd1w@patch.com,217.243.41.9
170,Harvatt, Miguela,mharvatt1x@tripadvisor.com,232.218.248.158
171,Biesinger, Selig,sbiesinger1y@engadget.com,114.198.17.198
173,Goodboddy, Berty,bgoodboddy20@soundcloud.com,254.133.156.120
174,Legate, Perry,plegate21@pcworld.com,122.255.106.190
175,Galletly, Hakim,hgalletly22@businessweek.com,119.0.247.144
177,MacNamara, Kendall,kmacnamara24@g.co,225.124.104.98
178,Dunkerley, Nelle,ndunkerley25@shareasale.com,139.66.157.96
179,Itscowics, Roze,ritscowics26@amazon.co.uk,230.52.61.175
181,Lowthorpe, Lucretia,llowthorpe28@npr.org,29.235.150.135
183,Emeny, Laurie,lemeny2a@dedecms.com,187.198.120.17
184,Balling, Junette,jballing2b@virginia.edu,147.87.76.154
185,Eliet, Lyn,leliet2c@weibo.com,193.195.56.103
186,Cartwight, Abigale,acartwight2d@wufoo.com,229.35.7.130
187,Bromfield, Pincas,pbromfield2e@ebay.co.uk,216.234.199.104
189,Applewhaite, Ophelia,oapplewhaite2g@theguardian.com,110.231.55.149
190,Yaakov, Sashenka,syaakov2h@msn.com,47.109.18.13
191,Cinnamond, Trisha,tcinnamond2i@columbia.edu,160.250.95.46
193,Grzegorek, Martina,mgrzegorek2k@wikispaces.com,144.18.161.32
195,Mayhew, Baird,bmayhew2m@mashable.com,158.90.79.21
196,Gentile, Timoteo,tgentile2n@squarespace.com,254.128.87.28
197,Steinson, Allianora,asteinson2o@furl.net,212.78.158.85
198,Hatherleigh, Roi,rhatherleigh2p@examiner.com,85.105.132.243
199,Gleeton, Franklyn,fgleeton2q@tmall.com,13.207.150.76
201,Bean, Hadleigh,hbean2s@behance.net,103.104.171.241
203,Colin, Virge,vcolin2u@yelp.com,196.111.3.122
204,Andrzejczak, Ariella,aandrzejczak2v@wisc.edu,69.120.106.130
205,Oxenford, Clari,coxenford2w@clickbank.net,53.158.46.81
206,Calliss, Joellyn,jcalliss2x@biblegateway.com,253.136.74.232
207,Brimley, Jasen,jbrimley2y@youku.com,24.148.106.31
208,McCarry, Millisent,mmccarry2z@oaic.gov.au,57.173.236.250
209,Cochern, Cosmo,ccochern30@census.gov,53.149.137.190
211,Sheaf, Ruttger,rsheaf32@netvibes.com,182.253.90.232
213,Davidou, Issy,idavidou34@google.nl,250.238.227.23
214,Roscher, Marrilee,mroscher35@cpanel.net,7.97.129.29
215,Roll, Nikita,nroll36@scientificamerican.com,45.127.108.223
216,Niesing, Kessia,kniesing37@princeton.edu,86.191.149.38
217,Hall, Reade,rhall38@dagondesign.com,92.89.213.221
218,Swine, Erika,eswine39@google.co.uk,216.172.10.24
219,Aisthorpe, Cher,caisthorpe3a@nba.com,179.49.14.191
221,Sherred, Nert,nsherred3c@cocolog-nifty.com,153.231.226.53
223,Skea, Keriann,kskea3e@toplist.cz,191.230.59.231
225,Salasar, Christan,csalasar3g@jimdo.com,189.119.19.71
226,Duckitt, Phaedra,pduckitt3h@house.gov,128.26.62.209
227,Macconachy, Patsy,pmacconachy3i@blogspot.com,12.144.5.197
229,Boards, Meris,mboards3k@bizjournals.com,151.159.8.245
230,Andrea, Jillene,jandrea3l@biblegateway.com,31.3.145.128
231,Roycroft, Hali,hroycroft3m@blinklist.com,45.27.126.197
233,Di Maggio, Jacky,jdimaggio3o@addtoany.com,246.144.97.166
234,Jeratt, Raeann,rjeratt3p@google.co.jp,204.112.119.130
235,Belison, Gaven,gbelison3q@behance.net,170.31.246.21
236,Bosket, Arlee,abosket3r@drupal.org,85.186.37.43
237,Twine, Delmore,dtwine3s@adobe.com,145.104.204.58
238,MacCollom, Ulrike,umaccollom3t@whitehouse.gov,59.170.240.122
239,Basillon, Nissy,nbasillon3u@uiuc.edu,110.123.141.2
240,Jaume, Dulcine,djaume3v@skype.com,102.176.245.158
241,Rodie, Kele,krodie3w@baidu.com,86.63.177.198
243,Catling, Grady,gcatling3y@hostgator.com,175.148.205.62
245,Gratrix, Kev,kgratrix40@simplemachines.org,242.55.151.111
246,Pitchford, Mada,mpitchford41@forbes.com,100.28.243.165
247,Goodrich, Vikki,vgoodrich42@fc2.com,222.100.220.222
248,Foggarty, Gisela,gfoggarty43@google.com.au,81.119.47.238
249,Budget, Danette,dbudget44@dion.ne.jp,159.231.1.46
251,Seago, Eunice,eseago46@umn.edu,35.114.223.196
252,Dartan, Stephana,sdartan47@yandex.ru,35.208.99.227
253,Rainard, Wendeline,wrainard48@quantcast.com,31.245.152.154
255,Janc, Markos,mjanc4a@ucsd.edu,37.45.9.108
257,Bednell, Frederick,fbednell4c@i2i.jp,204.47.189.145
258,Schieferstein, Elita,eschieferstein4d@webeden.co.uk,33.71.38.192
259,Caghy, Jacinthe,jcaghy4e@bloglines.com,108.31.203.99
261,Wrey, Marga,mwrey4g@indiegogo.com,158.175.77.144
262,Dymocke, Mil,mdymocke4h@mediafire.com,160.134.177.61
263,Cowwell, Reinaldos,rcowwell4i@mac.com,55.73.65.19
264,Frick, Roxane,rfrick4j@canalblog.com,249.82.117.29
265,Crenshaw, Tera,tcrenshaw4k@naver.com,196.219.9.19
267,Srawley, Tabb,tsrawley4m@unc.edu,197.241.41.63
268,Barkas, Amy,abarkas4n@youtu.be,177.29.10.155
269,Farney, Constantine,cfarney4o@dailymotion.com,94.20.103.101
270,Gotts, Rory,rgotts4p@blogspot.com,7.218.139.194
271,Dominique, Dru,ddominique4q@xinhuanet.com,245.204.157.151
273,Leftly, Arlie,aleftly4s@dropbox.com,32.156.187.184
275,Spratley, Viviyan,vspratley4u@accuweather.com,18.245.22.163
277,Bartomieu, Jessalyn,jbartomieu4w@boston.com,13.141.212.128
278,Bulcroft, Jennee,jbulcroft4x@washingtonpost.com,173.108.3.75
279,Abdee, Jesse,jabdee4y@xing.com,164.16.85.162
280,Taile, Sofie,staile4z@yolasite.com,65.154.7.88
281,Varley, Levin,lvarley50@engadget.com,226.172.6.15
282,Calkin, Filbert,fcalkin51@hp.com,72.60.181.96
283,Boyd, Vickie,vboyd52@1und1.de,116.68.165.247
284,Demko, Auberta,ademko53@deviantart.com,121.55.152.242
285,Buggs, Martguerita,mbuggs54@reverbnation.com,168.29.239.116
287,Brekonridge, Dorette,dbrekonridge56@cam.ac.uk,103.164.15.194
289,Lacey, Tate,tlacey58@gmpg.org,111.65.130.217
291,Oakwood, Di,doakwood5a@washington.edu,236.228.69.237
293,Westmacott, Tim,twestmacott5c@mashable.com,247.25.94.57
294,Paulich, Corinne,cpaulich5d@live.com,38.134.166.5
295,Brodeur, Ashleigh,abrodeur5e@buzzfeed.com,33.252.193.186
297,Sunock, Lee,lsunock5g@aboutads.info,238.191.152.52
299,McMoyer, Gerianna,gmcmoyer5i@topsy.com,56.77.65.227
301,Marner, Isa,imarner5k@mediafire.com,71.36.117.159
302,Ambrosini, Aurlie,aambrosini5l@techcrunch.com,119.46.156.175
303,Gingel, Melitta,mgingel5m@angelfire.com,210.188.241.46
304,Toop, Ericha,etoop5n@webs.com,5.72.117.166
305,Tschirasche, Winny,wtschirasche5o@gov.uk,102.34.243.145
307,Tidbald, Tye,ttidbald5q@wsj.com,111.79.69.115
308,Petruskevich, Virgina,vpetruskevich5r@usda.gov,206.84.75.178
309,Baus, Erika,ebaus5s@nydailynews.com,141.91.68.11
311,Cluley, Becka,bcluley5u@ihg.com,24.75.221.46
312,Casemore, Frayda,fcasemore5v@ocn.ne.jp,232.142.186.198
313,Nevet, Sven,snevet5w@pagesperso-orange.fr,13.136.95.142
315,Reekie, Annaliese,areekie5y@salon.com,98.41.224.93
317,Frankel, Marybeth,mfrankel60@constantcontact.com,52.57.236.78
319,Widdowes, Liza,lwiddowes62@constantcontact.com,26.38.85.184
321,Maclaine, Durward,dmaclaine64@whitehouse.gov,0.23.185.196
322,Evitt, Mamie,mevitt65@dropbox.com,106.56.121.241
323,O'Toole, Emlyn,eotoole66@behance.net,130.101.88.144
324,Murkin, Shayne,smurkin67@hugedomains.com,213.73.0.52
325,Ferronel, Leola,lferronel68@ovh.net,216.117.1.88
326,Braidford, Bethanne,bbraidford69@chronoengine.com,8.149.118.170
327,Pickston, Aime,apickston6a@mapy.cz,120.113.53.221
329,Balnaves, Vicky,vbalnaves6c@hostgator.com,222.32.153.233
330,Bompass, Kimberly,kbompass6d@blogger.com,53.44.123.149
331,Holywell, Conney,cholywell6e@vk.com,230.194.236.13
333,Torrisi, Darcy,dtorrisi6g@alibaba.com,246.249.172.153
335,Manford, Fritz,fmanford6i@mapquest.com,241.228.114.209
337,Pickvance, Jonie,jpickvance6k@artisteer.com,15.8.0.254
339,Laird, Spence,slaird6m@storify.com,226.236.225.20
340,Tearle, Bernete,btearle6n@cisco.com,121.127.114.173
341,London, Kris,klondon6o@tmall.com,137.137.132.0
343,Readitt, Nonna,nreaditt6q@com.com,187.123.223.105
344,Abbati, Cristi,cabbati6r@usda.gov,143.105.179.207
345,Archley, Webb,warchley6s@livejournal.com,81.200.114.131
347,Really, Rolph,rreally6u@wufoo.com,99.211.147.176
349,Tantrum, Dunn,dtantrum6w@amazon.de,31.157.118.198
351,Mussared, Angelica,amussared6y@geocities.jp,250.242.41.165
352,Bonifas, Shelagh,sbonifas6z@harvard.edu,242.69.117.210
353,Bestar, Marchall,mbestar70@skyrock.com,219.241.54.105
355,Cosstick, Marita,mcosstick72@cdbaby.com,86.198.91.242
356,Glasman, Jade,jglasman73@abc.net.au,52.193.111.47
357,Sirmond, Cami,csirmond74@narod.ru,232.43.230.108
359,Beadnell, Barby,bbeadnell76@biblegateway.com,225.145.112.232
361,Broxap, Randene,rbroxap78@guardian.co.uk,83.203.133.15
363,Firebrace, Archambault,afirebrace7a@wikispaces.com,9.43.68.62
365,Girton, Ingeborg,igirton7c@go.com,96.121.28.87
366,Rosenblath, Modesty,mrosenblath7d@npr.org,80.41.192.172
367,Wrightam, Meriel,mwrightam7e@state.tx.us,1.84.181.254
368,Prior, Demeter,dprior7f@tinyurl.com,60.192.103.61
369,Wrightham, Gregor,gwrightham7g@blogtalkradio.com,36.85.207.188
371,Spada, Caron,cspada7i@flickr.com,188.229.155.202
372,Mowne, Christabel,cmowne7j@blog.com,131.215.49.192
373,Heathcote, Carling,cheathcote7k@phoca.cz,145.127.16.33
375,Bayldon, Sergei,sbayldon7m@reverbnation.com,62.158.134.251
377,Brookwell, Vivian,vbrookwell7o@cpanel.net,21.150.67.247
378,Bloss, Brunhilde,bbloss7p@ebay.com,117.129.230.136
379,Nertney, Heda,hnertney7q@globo.com,63.180.58.136
380,Brettelle, Cristal,cbrettelle7r@cnet.com,94.173.248.126
381,Cranstoun, Reese,rcranstoun7s@state.gov,74.230.70.34
382,Waison, Stephi,swaison7t@hc360.com,15.39.176.16
383,McGauhy, Adi,amcgauhy7u@aol.com,122.1.107.38
384,Evelyn, Brigida,bevelyn7v@odnoklassniki.ru,75.199.72.208
385,Bellinger, Waldon,wbellinger7w@ehow.com,77.122.143.0
387,Heazel, Madelle,mheazel7y@blogs.com,154.190.82.184
388,Ingold, Natividad,ningold7z@hhs.gov,135.102.114.97
389,Banaszczyk, Caressa,cbanaszczyk80@webmd.com,215.218.59.59
390,Blumsom, Carroll,cblumsom81@live.com,70.68.13.60
391,Pidgen, Estel,epidgen82@uiuc.edu,170.252.194.91
392,Spark, Marian,mspark83@theguardian.com,191.188.245.186
393,Sowrah, Rochester,rsowrah84@drupal.org,4.46.211.254
394,Whyke, Collie,cwhyke85@cargocollective.com,60.40.132.30
395,Anthes, Skipper,santhes86@goodreads.com,225.165.51.190
397,Jorissen, Babara,bjorissen88@google.ru,246.8.103.77
398,Heinish, Melisenda,mheinish89@yahoo.com,222.184.6.96
399,Keefe, Hughie,hkeefe8a@mac.com,136.205.205.124
400,French, Grissel,gfrench8b@51.la,164.212.165.160
401,Domegan, Jorry,jdomegan8c@gmpg.org,27.87.44.79
403,Order, Channa,corder8e@sitemeter.com,121.146.61.102
405,Covill, Mame,mcovill8g@comsenz.com,59.255.201.211
406,Ferre, Sabine,sferre8h@smh.com.au,195.215.69.77
407,Orviss, Vina,vorviss8i@a8.net,133.23.92.12
409,Brayson, Carine,cbrayson8k@prlog.org,83.231.102.189
410,Copner, Flory,fcopner8l@reddit.com,98.200.246.189
411,Abramov, Kaiser,kabramov8m@disqus.com,54.202.165.139
413,Jeandon, Cathy,cjeandon8o@eepurl.com,104.149.154.196
415,McIsaac, Dalton,dmcisaac8q@hugedomains.com,4.140.90.33
417,Grange, Currey,cgrange8s@who.int,78.131.228.136
418,Pasek, Mollie,mpasek8t@ifeng.com,162.99.109.248
419,Gammill, Henryetta,hgammill8u@surveymonkey.com,9.67.214.226
421,Scarrisbrick, Pepillo,pscarrisbrick8w@soup.io,36.170.107.211
422,Romer, Melisse,mromer8x@wisc.edu,206.181.139.168
423,Halworth, Jacky,jhalworth8y@ning.com,126.110.166.158
424,Fosberry, Agathe,afosberry8z@youku.com,185.87.90.6
425,Sewter, Rafaela,rsewter90@hatena.ne.jp,77.105.207.205
426,Poulett, Celestina,cpoulett91@gnu.org,223.18.215.138
427,Igoe, Ryun,rigoe92@vkontakte.ru,8.78.153.110
428,Schultz, Tiffani,tschultz93@tinyurl.com,72.31.83.110
429,MacNeachtain, Stinky,smacneachtain94@desdev.cn,60.40.23.13
431,Spadazzi, Corine,cspadazzi96@merriam-webster.com,220.177.215.86
432,Earry, Brigida,bearry97@multiply.com,174.104.102.131
433,Kilbourne, Oren,okilbourne98@irs.gov,137.107.200.167
434,Josskovitz, Terrie,tjosskovitz99@51.la,35.210.163.180
435,Weedenburg, Yorker,yweedenburg9a@storify.com,236.168.117.175
436,Paulsen, Sharline,spaulsen9b@mtv.com,109.154.171.130
437,Dedrick, Kelsey,kdedrick9c@ebay.com,14.66.253.60
439,Fackney, Seana,sfackney9e@smugmug.com,166.185.34.38
441,Doumerc, Reuben,rdoumerc9g@naver.com,102.147.86.56
443,Kilner, Dyann,dkilner9i@census.gov,86.33.122.121
445,Marages, Marti,mmarages9k@diigo.com,71.100.222.116
447,Predohl, Laura,lpredohl9m@rakuten.co.jp,218.32.192.232
449,Stride, Angelo,astride9o@wunderground.com,24.108.54.84
451,Keasley, Pancho,pkeasley9q@earthlink.net,20.93.110.12
452,De Roberto, Kylynn,kderoberto9r@tripadvisor.com,16.220.49.178
453,Persian, Shandy,spersian9s@unicef.org,166.227.62.129
454,Radborne, Laraine,lradborne9t@homestead.com,93.235.228.161
455,Paumier, Sumner,spaumier9u@statcounter.com,102.203.188.179
457,Meneely, Jamison,jmeneely9w@altervista.org,55.49.217.130
458,Vater, Maren,mvater9x@google.com.hk,219.15.36.233
459,Bird, Rudolph,rbird9y@utexas.edu,143.197.225.181
460,Sturley, Harriett,hsturley9z@posterous.com,23.223.62.106
461,Krink, Theodosia,tkrinka0@nbcnews.com,92.192.134.146
463,Guilayn, Marven,mguilayna2@sun.com,84.43.125.221
464,Crack, Antonia,acracka3@army.mil,81.135.106.128
465,Wincer, Tilda,twincera4@feedburner.com,102.173.169.207
467,Alvey, Joycelin,jalveya6@dot.gov,0.127.136.244
469,Talmadge, Meriel,mtalmadgea8@g.co,37.193.208.243
471,Bootyman, Estele,ebootymanaa@discuz.net,11.148.21.98
472,Still, Garnet,gstillab@prweb.com,136.36.191.178
473,Giblett, Ilka,igiblettac@google.com.au,59.197.184.159
475,Lanfranchi, Denys,dlanfranchiae@prweb.com,206.170.157.163
476,Benning, Shana,sbenningaf@usda.gov,42.252.94.159
477,Harrowell, Cari,charrowellag@tripadvisor.com,208.204.47.37
479,Mealiffe, Nona,nmealiffeai@psu.edu,66.96.183.47
481,Skylett, Winnah,wskylettak@google.com.hk,224.18.165.174
482,Lehrmann, Eulalie,elehrmannal@go.com,245.251.30.3
483,Stockall, Irita,istockallam@zimbio.com,177.212.48.186
484,Joseph, Leoline,ljosephan@eepurl.com,40.40.118.214
485,Matiewe, Marcille,mmatieweao@senate.gov,162.204.58.153
487,Isac, Cecil,cisacaq@mayoclinic.com,51.14.59.218
488,Mault, Micheline,mmaultar@meetup.com,126.177.34.173
489,Roubert, Jenifer,jroubertas@state.gov,60.100.37.252
491,Andrew, Spense,sandrewau@who.int,221.134.125.74
493,Kment, Clareta,ckmentaw@arstechnica.com,236.124.179.163
494,Wogden, Daniela,dwogdenax@gov.uk,227.175.53.12
495,Kalinsky, Lita,lkalinskyay@usa.gov,53.188.192.30
496,Cranham, Sher,scranhamaz@ustream.tv,216.93.159.78
497,Sherringham, Hyacinthia,hsherringhamb0@reuters.com,3.113.79.80
499,Cecere, Lanette,lcecereb2@cbslocal.com,19.239.140.21
501,Gershom, Alexandros,agershomb4@tiny.cc,16.213.28.124
503,Wragg, Ruby,rwraggb6@toplist.cz,208.149.157.82
505,Moth, Giulio,gmothb8@nbcnews.com,84.59.5.87
507,Cranston, Lisabeth,lcranstonba@fastcompany.com,244.138.181.92
508,Brouncker, Hyacintha,hbrounckerbb@facebook.com,182.76.39.69
509,Gilliland, Patin,pgillilandbc@biglobe.ne.jp,160.119.188.108
510,Carless, Sophia,scarlessbd@wordpress.com,6.104.152.58
511,Gorusso, Finlay,fgorussobe@seesaa.net,110.235.73.161
512,Radeliffe, Charita,cradeliffebf@so-net.ne.jp,46.104.140.146
513,Tamas, Goldie,gtamasbg@cnbc.com,140.21.183.200
515,MacCostye, Anna-maria,amaccostyebi@wordpress.org,97.36.199.110
517,Rimmington, Zsazsa,zrimmingtonbk@samsung.com,11.214.143.238
518,Guyan, Dara,dguyanbl@desdev.cn,159.202.92.23
519,Bawme, Emerson,ebawmebm@apple.com,132.157.215.51
520,Darkin, Audrye,adarkinbn@tinyurl.com,169.169.124.157
521,Krause, Joya,jkrausebo@gov.uk,120.103.70.197
522,Pelos, Lotta,lpelosbp@cafepress.com,49.231.162.223
523,Giampietro, Julee,jgiampietrobq@infoseek.co.jp,208.70.100.213
525,Guyonneau, Joelynn,jguyonneaubs@cmu.edu,109.0.235.83
526,Reichelt, Derry,dreicheltbt@surveymonkey.com,38.99.135.27
527,Trenfield, Laura,ltrenfieldbu@vk.com,12.252.132.240
529,Birbeck, Reed,rbirbeckbw@miitbeian.gov.cn,80.104.148.242
530,Spurr, Sibeal,sspurrbx@google.it,76.218.236.35
531,Poyzer, Deena,dpoyzerby@ycombinator.com,28.9.30.107
532,Raoult, Helyn,hraoultbz@phoca.cz,227.23.120.198
533,Vinson, Mina,mvinsonc0@cpanel.net,194.96.43.147
535,Hauck, Grady,ghauckc2@irs.gov,109.206.177.75
537,Flukes, Ezra,eflukesc4@woothemes.com,114.111.52.98
538,Mityushin, Hildagard,hmityushinc5@joomla.org,98.23.70.28
539,Dubock, Estrella,edubockc6@senate.gov,230.72.178.78
540,Colrein, Kristel,kcolreinc7@etsy.com,250.214.117.199
541,Peris, Innis,iperisc8@elegantthemes.com,145.63.1.151
543,Sim, Lauri,lsimca@aol.com,30.45.208.222
544,Byass, Orsa,obyasscb@phpbb.com,36.133.74.228
545,June, Titos,tjunecc@merriam-webster.com,204.80.145.48
547,Dowson, Nari,ndowsonce@ovh.net,113.22.155.163
548,Likely, Nina,nlikelycf@people.com.cn,159.236.155.149
549,Overthrow, Giovanna,goverthrowcg@wunderground.com,90.136.178.59
551,Tampen, Chauncey,ctampenci@go.com,221.172.78.216
553,Whorton, Zulema,zwhortonck@adobe.com,142.204.49.108
554,Stickney, Amelie,astickneycl@reference.com,114.224.88.146
555,Mongan, Cristionna,cmongancm@google.de,207.235.254.55
557,Reuther, Roger,rreutherco@cocolog-nifty.com,77.232.140.133
559,Buckhurst, George,gbuckhurstcq@vk.com,190.97.19.103
560,Castellet, Selina,scastelletcr@com.com,97.227.91.160
561,Rattenberie, Tedman,trattenberiecs@sciencedaily.com,20.180.81.122
563,Carrier, Filide,fcarriercu@timesonline.co.uk,223.83.18.237
564,Bowkett, Rebecka,rbowkettcv@edublogs.org,188.108.208.30
565,Garner, Glendon,ggarnercw@xing.com,200.135.146.167
567,Knibb, Demetrius,dknibbcy@artisteer.com,32.184.90.109
569,Penritt, Izaak,ipenrittd0@nymag.com,131.147.190.154
570,Bastistini, Travus,tbastistinid1@earthlink.net,41.111.95.73
571,Lennie, Rochelle,rlennied2@utexas.edu,197.102.55.243
572,Harpin, Anna-maria,aharpind3@opera.com,136.181.126.35
573,Soame, Blanche,bsoamed4@nature.com,87.133.44.79
574,Tomaszkiewicz, Dulsea,dtomaszkiewiczd5@slate.com,69.61.56.103
575,Ortsmann, Neil,nortsmannd6@microsoft.com,213.159.106.123
577,McQuarter, Harriot,hmcquarterd8@edublogs.org,49.35.45.143
579,Fereday, Dalton,dferedayda@surveymonkey.com,199.251.67.64
581,Adaway, Danika,dadawaydc@joomla.org,40.156.80.126
583,Furzey, Rutledge,rfurzeyde@ted.com,70.178.9.2
584,Klassmann, Joanie,jklassmanndf@illinois.edu,164.97.150.176
585,Hellicar, Kenny,khellicardg@meetup.com,165.223.17.120
587,McPhilemy, Bibbye,bmcphilemydi@yellowpages.com,224.55.47.207
588,Hunnicutt, Carolee,chunnicuttdj@a8.net,207.167.140.170
589,Gravenor, Amye,agravenordk@wikimedia.org,42.123.174.140
590,Gabriel, Miranda,mgabrieldl@nature.com,11.170.63.152
591,Thoday, Lorne,lthodaydm@answers.com,123.144.122.233
592,Bowlands, Cristian,cbowlandsdn@php.net,242.158.237.122
593,Smedmoor, Brianna,bsmedmoordo@biblegateway.com,85.162.15.207
595,Gerty, Sanson,sgertydq@psu.edu,7.113.84.183
596,Klagges, Maddie,mklaggesdr@amazon.co.uk,86.249.108.116
597,Greensitt, Trefor,tgreensittds@npr.org,62.228.69.247
598,Kitcat, Noelyn,nkitcatdt@wikispaces.com,252.51.250.150
599,Conrad, Carrol,cconraddu@elegantthemes.com,107.2.218.239
601,Schuster, Paolo,pschusterdw@nyu.edu,5.47.25.123
602,Tipper, Cleo,ctipperdx@free.fr,43.13.178.103
603,Gason, Herby,hgasondy@elpais.com,241.238.58.245
605,Leathers, Herve,hleatherse0@ameblo.jp,221.150.40.194
606,Kinker, Salome,skinkere1@jalbum.net,156.230.59.151
607,Cunniffe, Johanna,jcunniffee2@wikipedia.org,178.168.221.229
609,Ralestone, Lennie,lralestonee4@51.la,246.37.143.182
611,Bonellie, Christiane,cbonelliee6@dot.gov,55.35.87.170
613,McKeating, Yul,ymckeatinge8@economist.com,23.154.11.236
615,Aven, Chas,cavenea@noaa.gov,128.96.19.71
617,Stuckford, Stefan,sstuckfordec@utexas.edu,35.91.202.115
619,Joskowitz, Winny,wjoskowitzee@ftc.gov,47.83.174.139
621,Hammel, Waite,whammeleg@webnode.com,232.216.2.140
622,Byrd, Leona,lbyrdeh@blogs.com,67.67.74.154
623,Isles, Charisse,cislesei@arizona.edu,119.156.192.1
625,Wishkar, Jereme,jwishkarek@craigslist.org,185.151.60.140
627,Amber, Barri,bamberem@telegraph.co.uk,165.163.123.249
628,Weekley, Leona,lweekleyen@jigsy.com,99.34.190.215
629,Keppin, Cecilio,ckeppineo@ehow.com,17.112.7.40
631,Breazeall, Cordell,cbreazealleq@chron.com,131.119.203.19
633,Horche, Irvine,ihorchees@godaddy.com,14.130.138.40
634,Markus, Zara,zmarkuset@upenn.edu,62.81.103.205
635,Rentoll, Shannan,srentolleu@wikimedia.org,138.96.148.244
637,Ellesmere, Ana,aellesmereew@google.com.hk,0.164.59.222
638,Inwood, Mimi,minwoodex@wikia.com,30.116.16.175
639,Sheffield, Stanly,ssheffieldey@mapquest.com,41.40.14.221
641,Pardon, Barn,bpardonf0@sciencedaily.com,180.213.182.121
643,Pothecary, Kathlin,kpothecaryf2@weibo.com,155.179.175.173
645,Dyett, Tiebold,tdyettf4@topsy.com,222.57.33.239
647,Gutans, Earvin,egutansf6@tumblr.com,107.184.111.93
648,Philipp, Jada,jphilippf7@cbsnews.com,213.27.30.42
649,Herreros, Chickie,cherrerosf8@latimes.com,122.94.187.30
651,Ornells, Violette,vornellsfa@cargocollective.com,223.120.63.234
652,Linnitt, Theda,tlinnittfb@tripadvisor.com,8.99.230.10
653,Coatsworth, Van,vcoatsworthfc@howstuffworks.com,130.45.59.150
654,Judkins, Cheri,cjudkinsfd@sogou.com,204.41.219.197
655,Pikett, Ange,apikettfe@whitehouse.gov,77.49.210.43
656,Quickenden, Linda,lquickendenff@ucoz.com,199.80.107.255
657,De Cruz, Marianne,mdecruzfg@1und1.de,23.14.165.95
658,Weighell, Perla,pweighellfh@apache.org,33.179.134.98
659,Bruniges, Marnia,mbrunigesfi@mit.edu,72.185.203.234
660,Bayles, Annmaria,abaylesfj@businessinsider.com,142.248.163.223
661,Vinker, Nico,nvinkerfk@icio.us,90.87.152.0
662,Ashbridge, Kessia,kashbridgefl@jalbum.net,221.179.5.254
663,Krolak, Athena,akrolakfm@icio.us,40.29.40.246
664,Furlonge, Cordula,cfurlongefn@bbc.co.uk,97.179.230.217
665,Leng, Eudora,elengfo@examiner.com,95.161.129.193
666,Gooddy, Erminia,egooddyfp@businesswire.com,106.49.73.196
667,Stitcher, Otto,ostitcherfq@marriott.com,124.184.68.213
668,Jirousek, Ottilie,ojirousekfr@dot.gov,16.136.139.48
669,Vogeller, Bryan,bvogellerfs@ezinearticles.com,95.252.206.104
670,Peschet, Janie,jpeschetft@jalbum.net,44.163.226.187
671,Deniskevich, Alexandro,adeniskevichfu@github.io,156.199.28.83
672,Burniston, Meriel,mburnistonfv@posterous.com,8.239.237.179
673,Oluwatoyin, Leslie,loluwatoyinfw@slideshare.net,174.242.135.55
674,Ryrie, Emmalee,eryriefx@squarespace.com,248.129.245.216
675,Boreland, Sean,sborelandfy@webeden.co.uk,46.147.136.119
676,Beautyman, Masha,mbeautymanfz@samsung.com,6.73.210.38
677,Guillain, Langston,lguillaing0@quantcast.com,51.193.244.148
679,Le Monnier, Perrine,plemonnierg2@dyndns.org,75.13.168.40
681,Sherwyn, Agace,asherwyng4@netscape.com,170.172.222.100
682,Alans, Florina,falansg5@deviantart.com,69.154.210.150
683,Fright, Marquita,mfrightg6@bing.com,110.99.218.40
685,Treven, Torre,ttreveng8@macromedia.com,18.236.49.16
686,Freshwater, Tania,tfreshwaterg9@furl.net,193.206.35.254
687,Codman, Mikaela,mcodmanga@blogger.com,107.5.0.157
689,Wishkar, Shel,swishkargc@macromedia.com,16.152.107.250
690,Kall, Aldridge,akallgd@ox.ac.uk,56.35.48.112
691,Reyner, Laurie,lreynerge@moonfruit.com,151.175.107.110
692,Ramet, Etti,erametgf@acquirethisname.com,210.207.104.36
693,Gobel, Jocelyne,jgobelgg@archive.org,148.145.73.30
694,Mallabar, Vernor,vmallabargh@php.net,24.10.157.12
695,Hain, Gabie,ghaingi@github.com,129.254.123.150
696,Farrear, Sherilyn,sfarreargj@myspace.com,188.193.233.155
697,Schukert, Ulrick,uschukertgk@csmonitor.com,249.215.140.17
699,Verdey, Corie,cverdeygm@ox.ac.uk,149.173.79.199
700,Legging, Arlen,alegginggn@hao123.com,129.240.49.52
701,Fouracre, Roland,rfouracrego@examiner.com,27.7.15.193
702,Lumox, Charlean,clumoxgp@hp.com,51.41.139.209
703,Palfreyman, Allyn,apalfreymangq@wufoo.com,200.205.152.185
704,Gwyer, Trescha,tgwyergr@edublogs.org,150.181.60.0
705,Barock, Russell,rbarockgs@tumblr.com,119.222.191.26
706,Seavers, Aida,aseaversgt@godaddy.com,164.34.88.69
707,Radki, Brenna,bradkigu@hatena.ne.jp,248.6.192.81
708,Ellwood, Timi,tellwoodgv@chron.com,114.35.56.129
709,Coggill, Harwilll,hcoggillgw@umn.edu,237.213.102.82
710,Zannolli, Brinn,bzannolligx@eepurl.com,185.251.184.28
711,Sudron, Hyacinth,hsudrongy@is.gd,60.224.12.236
713,Riccetti, Rod,rriccettih0@phoca.cz,89.188.135.131
714,See, Lizzie,lseeh1@xinhuanet.com,82.8.154.173
715,Heighton, Ludwig,lheightonh2@smugmug.com,172.18.9.81
716,Applebee, Ezra,eapplebeeh3@bloglovin.com,76.0.177.128
717,Wotton, Krishnah,kwottonh4@mediafire.com,206.70.52.194
718,Milazzo, Dorette,dmilazzoh5@engadget.com,251.2.20.144
719,Auden, Gabey,gaudenh6@dot.gov,108.63.91.20
720,Leneve, Abbye,aleneveh7@tumblr.com,50.195.113.123
721,Dengate, Dredi,ddengateh8@bluehost.com,6.95.147.177
723,Scatchard, Mady,mscatchardha@ca.gov,144.165.107.60
724,Branchflower, Theresina,tbranchflowerhb@is.gd,95.248.91.211
725,Shouler, Herb,hshoulerhc@arstechnica.com,124.246.42.128
726,Schumacher, Oralle,oschumacherhd@mayoclinic.com,165.93.68.83
727,Deeman, Lydon,ldeemanhe@virginia.edu,218.243.4.140
728,Loddy, Aldo,aloddyhf@constantcontact.com,230.131.228.44
729,Mould, Welch,wmouldhg@gnu.org,159.45.141.130
730,Neising, Doloritas,dneisinghh@tuttocitta.it,79.190.28.98
731,Evenett, Roddy,revenetthi@sina.com.cn,83.244.215.164
732,Lacknor, Trudey,tlacknorhj@japanpost.jp,139.30.28.248
733,Mathys, Barbette,bmathyshk@newsvine.com,97.226.210.1
735,Drowsfield, Evangelin,edrowsfieldhm@nifty.com,188.91.105.67
737,Longhorne, Marsiella,mlonghorneho@bing.com,135.96.205.182
739,Cogar, Monti,mcogarhq@360.cn,201.192.224.215
741,Mayhow, Hardy,hmayhowhs@webs.com,28.19.179.139
742,McCathay, Farrah,fmccathayht@sogou.com,86.99.124.25
743,Kirsz, Cecily,ckirszhu@elegantthemes.com,69.131.109.70
744,Moxstead, Carlyn,cmoxsteadhv@microsoft.com,244.1.12.225
745,Colyer, Clarita,ccolyerhw@sfgate.com,192.188.176.188
746,Hardistry, Laurie,lhardistryhx@nasa.gov,200.71.138.134
747,Penhallurick, Hobard,hpenhallurickhy@oaic.gov.au,60.140.250.89
749,Handrek, Lindi,lhandreki0@ameblo.jp,28.149.137.202
751,Ison, Elnar,eisoni2@dell.com,2.75.147.4
752,Fishley, Viva,vfishleyi3@edublogs.org,38.78.243.219
753,Btham, Diena,dbthami4@cornell.edu,76.65.2.146
754,Booker, Max,mbookeri5@wp.com,128.142.61.249
755,Kornyakov, Kienan,kkornyakovi6@ibm.com,27.158.116.245
756,Adran, Mil,madrani7@comsenz.com,51.209.67.51
757,Losano, Faber,flosanoi8@amazon.co.jp,64.75.241.169
758,Roddie, Renaud,rroddiei9@ycombinator.com,84.93.109.84
759,Haldon, Cherice,chaldonia@hubpages.com,203.0.0.93
760,Toms, Justine,jtomsib@google.ru,19.51.216.105
761,Krammer, Moll,mkrammeric@yellowpages.com,195.103.244.68
762,Coorington, Valaree,vcooringtonid@nhs.uk,187.207.245.232
763,Clewes, Brande,bclewesie@howstuffworks.com,152.81.213.183
765,Loakes, Marci,mloakesig@networkadvertising.org,39.30.175.193
766,Zorzi, Lindi,lzorziih@merriam-webster.com,66.200.63.18
767,Bugge, Bjorn,bbuggeii@google.ru,219.34.183.224
768,Slimming, Saudra,sslimmingij@fotki.com,39.51.98.4
769,Alpin, Law,lalpinik@topsy.com,36.117.57.230
770,Tremoille, Veradis,vtremoilleil@biblegateway.com,244.213.86.225
771,Dudeney, Blondell,bdudeneyim@blogger.com,117.10.227.20
772,Golding, Gretchen,ggoldingin@geocities.jp,84.110.71.19
773,Ivashkin, Hardy,hivashkinio@mapy.cz,236.92.10.64
775,Whate, Friederike,fwhateiq@apple.com,232.111.22.187
776,Crossby, Yolande,ycrossbyir@cloudflare.com,55.236.133.211
777,Pogue, Laetitia,lpogueis@quantcast.com,21.176.168.4
778,Dake, Rochell,rdakeit@moonfruit.com,197.213.16.155
779,Burnall, Caterina,cburnalliu@fda.gov,215.8.230.127
781,Pentin, Sonny,spentiniw@princeton.edu,201.231.14.84
783,Kerner, Gleda,gkerneriy@unblog.fr,190.77.16.98
784,Rubinow, Wilhelmina,wrubinowiz@marriott.com,162.48.188.33
785,Lambricht, Austen,alambrichtj0@slashdot.org,60.182.78.51
786,Yurenev, Lyndsay,lyurenevj1@ucla.edu,181.57.12.54
787,Splevins, Rochette,rsplevinsj2@youtube.com,46.1.15.124
788,Snawden, Lorettalorna,lsnawdenj3@sbwire.com,71.86.185.186
789,Tooth, Karly,ktoothj4@ox.ac.uk,1.189.224.182
791,Quinnelly, Clarita,cquinnellyj6@networkadvertising.org,81.61.212.20
792,Grime, Patrizia,pgrimej7@unesco.org,199.159.65.89
793,Rymour, Hill,hrymourj8@who.int,107.171.225.44
795,Greensite, Darrin,dgreensiteja@com.com,171.83.51.54
797,Necrews, Paulie,pnecrewsjc@freewebs.com,112.226.86.34
798,McDuall, Roanne,rmcdualljd@hhs.gov,85.119.254.178
799,Abazi, Genny,gabazije@addthis.com,205.93.180.210
800,Mahoney, Lacey,lmahoneyjf@arizona.edu,61.0.203.111
801,Marguerite, Olvan,omargueritejg@creativecommons.org,66.26.207.149
802,Allston, La verne,lallstonjh@360.cn,185.226.161.24
803,Gulk, Sinclare,sgulkji@google.nl,112.153.190.6
804,Merigon, Gizela,gmerigonjj@google.nl,97.15.122.15
805,Boolsen, Leora,lboolsenjk@fema.gov,137.83.189.142
806,Pheazey, Kissie,kpheazeyjl@jimdo.com,231.230.54.116
807,Ruprich, Finlay,fruprichjm@dailymotion.com,151.110.240.53
808,Swindon, Tova,tswindonjn@sciencedaily.com,193.173.146.179
809,Finlan, Katie,kfinlanjo@engadget.com,235.194.228.161
811,Wadmore, Zack,zwadmorejq@ihg.com,16.212.199.88
812,Escale, Charil,cescalejr@g.co,18.134.236.66
813,Mountcastle, Graham,gmountcastlejs@de.vu,115.74.175.126
815,Creffeild, Yehudi,ycreffeildju@tuttocitta.it,5.199.121.46
817,Aughton, Delly,daughtonjw@webs.com,175.84.206.243
819,Ferencowicz, Hilliard,hferencowiczjy@europa.eu,31.253.191.141
821,Pottage, Caroline,cpottagek0@wunderground.com,75.118.221.39
823,Grombridge, Loralee,lgrombridgek2@arstechnica.com,150.243.33.17
824,Alibone, Nona,nalibonek3@cdc.gov,202.174.48.132
825,Bambrough, Dominique,dbambroughk4@whitehouse.gov,164.206.108.179
827,Colquit, Miof mela,mcolquitk6@soundcloud.com,87.199.92.10
828,Bentson, Kaila,kbentsonk7@biblegateway.com,196.218.235.210
829,Groundwater, Wendell,wgroundwaterk8@usatoday.com,126.200.207.118
830,MacTavish, Odella,omactavishk9@purevolume.com,86.30.191.33
831,Labitt, Kassia,klabittka@cpanel.net,219.105.56.14
832,Rawling, Ekaterina,erawlingkb@stumbleupon.com,105.83.5.112
833,Gulleford, Dot,dgullefordkc@auda.org.au,146.239.122.103
834,Pennycock, Tyne,tpennycockkd@wunderground.com,217.34.170.111
835,Nassie, Jackie,jnassieke@bluehost.com,130.255.238.184
836,Whittaker, Mariska,mwhittakerkf@epa.gov,137.166.175.205
837,Bevens, Mattheus,mbevenskg@fastcompany.com,46.222.51.57
838,Dickinson, Sindee,sdickinsonkh@harvard.edu,149.105.25.172
839,Heliot, Vale,vheliotki@mlb.com,204.121.76.3
840,Gibberd, Nady,ngibberdkj@nsw.gov.au,137.238.114.237
841,Benyon, Damien,dbenyonkk@china.com.cn,6.163.202.205
843,Scourge, Caroline,cscourgekm@webnode.com,58.62.59.8
844,Rubenovic, Riannon,rrubenovickn@geocities.com,252.235.3.236
845,Satch, Joane,jsatchko@multiply.com,190.179.101.141
846,Common, Elisabet,ecommonkp@msu.edu,50.228.137.120
847,Minguet, Inigo,iminguetkq@tiny.cc,90.47.131.202
849,Strettle, Emmery,estrettleks@cornell.edu,188.229.132.182
850,Duncklee, Calla,cdunckleekt@wikia.com,168.17.57.14
851,Ellingworth, Mart,mellingworthku@npr.org,196.160.209.14
853,Twist, Vale,vtwistkw@va.gov,112.110.222.246
855,Barukh, Torre,tbarukhky@ow.ly,51.159.222.114
857,Ewing, Nari,newingl0@ucsd.edu,87.80.126.23
858,Vasser, Isabeau,ivasserl1@unc.edu,235.172.83.64
859,Kleyn, Reagen,rkleynl2@tiny.cc,180.163.130.250
860,Stenton, Tiffani,tstentonl3@marriott.com,92.213.193.159
861,Woodfine, Tomas,twoodfinel4@omniture.com,50.131.224.167
862,Stayt, Bron,bstaytl5@ehow.com,32.5.204.14
863,Herries, Josefina,jherriesl6@wsj.com,117.13.211.113
864,McPhelim, Darell,dmcpheliml7@surveymonkey.com,3.185.23.250
865,Russell, Melitta,mrusselll8@multiply.com,216.196.190.47
867,Vanyakin, Drona,dvanyakinla@tumblr.com,206.217.203.97
868,Schirak, Reiko,rschiraklb@ibm.com,217.117.171.193
869,Dekeyser, Chicky,cdekeyserlc@wired.com,212.40.50.235
870,De Witt, Kristal,kdewittld@amazon.com,243.112.184.85
871,Dreamer, Ira,idreamerle@samsung.com,181.113.53.227
873,Toal, Rabi,rtoallg@digg.com,227.19.95.237
875,Rhelton, Jo,jrheltonli@umich.edu,45.145.134.53
877,Aldrich, Twyla,taldrichlk@indiegogo.com,82.176.224.186
879,Wilstead, Sheela,swilsteadlm@ft.com,145.153.103.23
880,Rotte, Heddie,hrotteln@nymag.com,186.232.59.22
881,Lewsam, Lara,llewsamlo@discovery.com,159.149.241.18
882,Dowzell, Marley,mdowzelllp@plala.or.jp,119.34.108.202
883,Corke, Nessy,ncorkelq@answers.com,241.116.42.43
884,Piche, Blane,bpichelr@irs.gov,13.64.56.155
885,Alvar, Lynnell,lalvarls@behance.net,222.194.135.54
886,Turfus, Bell,bturfuslt@apple.com,123.26.55.126
887,Hocking, Shandra,shockinglu@netscape.com,143.150.109.36
888,Wainman, Alia,awainmanlv@booking.com,81.235.166.39
889,Biddwell, Kira,kbiddwelllw@deliciousdays.com,205.70.192.73
891,Walak, Benji,bwalakly@vimeo.com,220.26.245.212
892,Botly, Elsie,ebotlylz@addthis.com,254.58.240.186
893,Kynett, Vikky,vkynettm0@dropbox.com,38.221.67.153
894,Aronin, Zitella,zaroninm1@nba.com,8.32.218.10
895,Ballay, Orly,oballaym2@eventbrite.com,239.189.224.253
897,Feaster, Henka,hfeasterm4@people.com.cn,112.12.252.27
899,Remer, Chrystal,cremerm6@opensource.org,207.180.164.202
900,Tommasetti, Sheba,stommasettim7@lulu.com,215.140.172.213
901,Corran, Katrine,kcorranm8@amazonaws.com,162.177.233.162
902,Doxey, Vick,vdoxeym9@google.nl,229.223.91.7
903,Imesson, Haven,himessonma@psu.edu,229.174.171.108
905,Ayrs, Cordell,cayrsmc@bing.com,148.0.133.96
906,Mulcahy, Genvieve,gmulcahymd@baidu.com,219.214.229.251
907,Fearnehough, Nichole,nfearnehoughme@qq.com,229.180.86.153
908,Beaglehole, Stephana,sbeagleholemf@ning.com,55.127.187.9
909,Tamblyn, Ilise,itamblynmg@marriott.com,235.242.76.254
910,Caine, Glad,gcainemh@chron.com,37.226.69.33
911,Cooch, Mitch,mcoochmi@archive.org,111.227.191.209
913,Feaster, Shane,sfeastermk@hc360.com,83.209.90.75
914,Mulqueen, Goldie,gmulqueenml@elegantthemes.com,100.80.64.165
915,Addy, Giacobo,gaddymm@hostgator.com,32.186.239.12
917,Flips, Delaney,dflipsmo@abc.net.au,37.149.5.170
918,Levay, Reta,rlevaymp@google.pl,42.186.4.59
919,Petruk, Barty,bpetrukmq@deviantart.com,79.52.167.216
921,Matic, Koenraad,kmaticms@fda.gov,17.112.199.156
922,Breslin, Kaja,kbreslinmt@elegantthemes.com,65.111.113.231
923,Lattin, Loralie,llattinmu@ed.gov,171.236.92.230
925,Rennox, Robbie,rrennoxmw@dagondesign.com,245.229.35.25
926,Demkowicz, Matilda,mdemkowiczmx@blogtalkradio.com,75.183.26.57
927,Tupling, Kelwin,ktuplingmy@usnews.com,71.207.177.43
929,Dunstone, Lucina,ldunstonen0@tumblr.com,67.123.240.116
930,Puckrin, Sharron,spuckrinn1@usa.gov,67.54.255.6
931,Tibbotts, Leigh,ltibbottsn2@boston.com,155.141.229.253
933,M'Quharg, Whitney,wmquhargn4@fastcompany.com,9.218.159.181
935,Ruffell, Kelvin,kruffelln6@washington.edu,147.133.2.80
937,Ramey, Alexis,arameyn8@studiopress.com,163.117.176.23
939,Hutfield, Cami,chutfieldna@google.it,51.5.43.3
941,Glenister, Augustine,aglenisternc@vk.com,188.251.248.113
942,Giraudot, Jaclin,jgiraudotnd@cisco.com,239.224.108.143
943,Mingey, Aveline,amingeyne@admin.ch,215.25.139.100
944,Twelve, Vanda,vtwelvenf@nationalgeographic.com,132.2.224.125
945,Labern, Andria,alabernng@chronoengine.com,36.60.44.174
946,Bette, Dorree,dbettenh@blogspot.com,2.203.86.195
947,Vennings, Wyndham,wvenningsni@paginegialle.it,27.119.156.187
948,Abdon, Charmion,cabdonnj@facebook.com,24.77.178.239
949,Ornells, Garvey,gornellsnk@youku.com,162.137.194.17
951,Haking, Anatola,ahakingnm@deliciousdays.com,102.21.176.131
953,Glanz, Dalt,dglanzno@nymag.com,63.73.76.43
954,Wackley, Lonni,lwackleynp@samsung.com,24.44.36.125
955,Kendell, Talbert,tkendellnq@booking.com,46.142.120.246
956,Giblett, Caterina,cgiblettnr@sohu.com,15.201.235.3
957,Reside, Morgen,mresidens@nymag.com,99.163.29.133
959,Astill, Marthe,mastillnu@microsoft.com,168.135.216.137
961,Kumaar, Mommy,mkumaarnw@bluehost.com,1.144.105.190
963,Tarbard, Bunny,btarbardny@census.gov,232.247.165.93
965,Huntley, Shawnee,shuntleyo0@dot.gov,110.193.86.133
966,Orsi, Anna-diane,aorsio1@ebay.co.uk,7.72.9.52
967,Down, Nicolle,ndowno2@bbc.co.uk,229.165.46.227
969,Matzel, Matthieu,mmatzelo4@example.com,46.141.203.129
971,Blandamore, Giustino,gblandamoreo6@tumblr.com,4.123.114.186
973,Shottin, Tremain,tshottino8@irs.gov,123.238.122.42
975,Roocroft, Alanah,aroocroftoa@technorati.com,88.197.110.252
977,Yurlov, Lombard,lyurlovoc@wiley.com,47.158.200.7
978,Snowdon, Paulette,psnowdonod@livejournal.com,107.118.30.143
979,Rozier, Hali,hrozieroe@yelp.com,112.212.202.34
980,Pales, April,apalesof@themeforest.net,250.55.118.45
981,Gable, Melisent,mgableog@walmart.com,162.192.18.203
982,Davenport, Renata,rdavenportoh@youku.com,85.226.204.232
983,Flooks, Leslie,lflooksoi@ning.com,50.0.65.32
985,Swindon, Nikaniki,nswindonok@sfgate.com,192.83.45.145
987,Lafoy, Lefty,llafoyom@w3.org,146.36.72.253
988,Baulch, Wren,wbaulchon@cbc.ca,252.14.254.59
989,Storek, Fee,fstorekoo@loc.gov,108.79.102.15
991,Fairbeard, Haily,hfairbeardoq@webnode.com,169.108.191.170
993,Smowton, Ellis,esmowtonos@odnoklassniki.ru,103.221.20.181
995,Rickell, Adrienne,arickellou@tamu.edu,117.89.159.8
996,Woloschinski, Annissa,awoloschinskiov@shareasale.com,211.253.29.206
997,Gutch, Aylmer,agutchow@blogger.com,118.1.36.154
999,Lesek, Doloritas,dlesekoy@github.io,75.101.104.96
1001,Weyman, Windy,wweymanp0@ezinearticles.com,194.177.113.107
1002,Lankester, Binni,blankesterp1@squidoo.com,179.184.249.176
1003,Bickerton, Wilt,wbickertonp2@cornell.edu,147.239.200.141
1005,Solland, Cleveland,csollandp4@census.gov,68.108.24.135
1006,Sanbrook, Aubrie,asanbrookp5@liveinternet.ru,48.130.53.250
1007,Mandal, Austin,amandalp6@nymag.com,165.101.50.103
1009,Ashburner, Rhett,rashburnerp8@icq.com,200.41.38.66
1010,Murty, Oneida,omurtyp9@abc.net.au,232.172.15.184
1011,Hassey, Alexandre,ahasseypa@skype.com,109.189.95.124
1012,Marlon, Ddene,dmarlonpb@weather.com,71.244.99.184
1013,Seville, Lethia,lsevillepc@devhub.com,110.145.140.115
1015,Gove, Amalee,agovepe@sourceforge.net,164.155.154.229
1016,Biernat, Ardene,abiernatpf@biglobe.ne.jp,139.179.190.239
1017,Reffe, Maribel,mreffepg@msn.com,75.181.163.251
1019,Patillo, Dorolisa,dpatillopi@ucla.edu,75.132.176.65
1021,Faithorn, Eydie,efaithornpk@earthlink.net,215.85.155.225
1023,Parrington, Gradey,gparringtonpm@wordpress.org,52.147.54.171
1025,Bangham, Modesty,mbanghampo@columbia.edu,99.177.12.89
1026,Stother, Ronny,rstotherpp@businessinsider.com,185.14.79.144
1027,Glynne, Drake,dglynnepq@usatoday.com,107.28.29.252
1029,Levis, Brett,blevisps@freewebs.com,2.169.88.165
1030,Ollive, Inglebert,iollivept@weebly.com,125.21.14.11
1031,MacVay, Kalie,kmacvaypu@arizona.edu,179.53.8.184
1033,Copeman, Westbrook,wcopemanpw@unicef.org,59.69.154.118
1034,Raynham, Denna,draynhampx@behance.net,192.76.126.145
1035,Poskitt, Judon,jposkittpy@earthlink.net,127.87.58.88
1037,deKnevet, Kendra,kdeknevetq0@who.int,210.243.112.230
1038,Sweet, Joannes,jsweetq1@typepad.com,141.203.95.180
1039,Windram, Clair,cwindramq2@wix.com,155.219.216.218
1041,Humbert, Margo,mhumbertq4@unblog.fr,250.176.68.131
1042,Ballham, Jany,jballhamq5@i2i.jp,189.255.35.32
1043,Aberkirder, Chen,caberkirderq6@go.com,206.199.33.179
1045,Higginbottam, Antonino,ahigginbottamq8@google.com.hk,6.124.222.141
1046,Blazejewski, Elie,eblazejewskiq9@time.com,194.124.47.189
1047,Draye, Nevil,ndrayeqa@smh.com.au,121.161.128.184
1049,O'Dyvoie, Tudor,todyvoieqc@livejournal.com,113.167.179.207
1051,Asquez, Natalie,nasquezqe@tinypic.com,102.205.6.196
1053,Dumbrall, Devonne,ddumbrallqg@soundcloud.com,103.253.213.84
1054,Sayer, Saraann,ssayerqh@prweb.com,7.200.48.81
1055,Seelbach, Zerk,zseelbachqi@hugedomains.com,224.131.65.36
1057,Gommowe, Lemuel,lgommoweqk@sfgate.com,5.51.9.134
1059,Berends, Denyse,dberendsqm@t.co,104.137.23.28
1060,Foster-Smith, Lanie,lfostersmithqn@yahoo.com,186.94.217.195
1061,Giacobilio, Gregg,ggiacobilioqo@live.com,194.135.88.246
1063,Espino, Honey,hespinoqq@cnet.com,198.69.55.131
1065,Pottinger, Torrin,tpottingerqs@jugem.jp,32.188.108.128
1066,Mawd, Alaine,amawdqt@cargocollective.com,162.143.171.254
1067,McKie, Kevon,kmckiequ@hexun.com,217.233.192.154
1068,Tongs, Edy,etongsqv@nih.gov,52.240.199.131
1069,Beamont, Alice,abeamontqw@patch.com,244.82.192.188
1070,Macieja, Hyacinthie,hmaciejaqx@businessinsider.com,237.72.54.21
1071,Venmore, Deanna,dvenmoreqy@wsj.com,90.57.6.74
1072,Benoit, Oby,obenoitqz@angelfire.com,65.226.52.168
1073,Bailiss, Reinold,rbailissr0@state.gov,203.127.174.111
1074,Foston, Ceciley,cfostonr1@sciencedaily.com,98.114.171.236
1075,Zanneli, Dalis,dzannelir2@ebay.co.uk,180.197.71.145
1077,Werrett, Dru,dwerrettr4@wikipedia.org,33.136.247.166
1079,Abramamovh, Dame,dabramamovhr6@forbes.com,11.141.130.65
1080,Wegenen, Junie,jwegenenr7@people.com.cn,138.238.92.77
1081,Hubberstey, Mortie,mhubbersteyr8@so-net.ne.jp,90.228.253.43
1083,Hitschke, Clemence,chitschkera@typepad.com,5.91.14.231
1085,Carney, Alfonso,acarneyrc@yahoo.co.jp,237.196.2.219
1087,Goldthorp, Lulita,lgoldthorpre@ameblo.jp,80.134.58.86
1088,Seymark, Kala,kseymarkrf@go.com,6.183.72.124
1089,Metterick, Glynnis,gmetterickrg@wordpress.org,120.173.197.10
1091,Westell, Chickie,cwestellri@domainmarket.com,115.169.50.75
1092,Warwicker, Bess,bwarwickerrj@jugem.jp,19.57.203.140
1093,Skipper, Casper,cskipperrk@studiopress.com,115.168.155.129
1094,Pitrelli, Sharla,spitrellirl@w3.org,172.94.237.98
1095,Haggus, Rozele,rhaggusrm@ask.com,169.243.144.75
1097,Baulch, Ive,ibaulchro@wisc.edu,204.97.13.167
1098,Welband, Isabeau,iwelbandrp@apple.com,249.4.69.226
1099,Aylen, Purcell,paylenrq@over-blog.com,22.141.255.20
1100,Loche, Granny,glocherr@fema.gov,140.99.59.142
1101,Chaffin, Megan,mchaffin0@unicef.org,95.97.245.37
1102,Leakner, Shepperd,sleakner1@360.cn,13.176.30.4
1103,Rixon, Robert,rrixon2@is.gd,147.196.124.128
1105,Sprules, Tasha,tsprules4@un.org,37.123.193.4
1106,Wingrove, Annetta,awingrove5@arizona.edu,13.115.219.164
1107,Nesbitt, Joey,jnesbitt6@discovery.com,158.5.213.203
1108,Izakoff, Salome,sizakoff7@phoca.cz,155.223.210.210
1109,Younglove, Ulick,uyounglove8@artisteer.com,104.95.206.151
1110,Gumb, Nelle,ngumb9@1688.com,186.77.91.126
1111,Kenwell, Derrek,dkenwella@hostgator.com,110.251.46.165
1113,Kezor, Kim,kkezorc@list-manage.com,194.120.205.246
1115,Ayling, Kerby,kaylinge@google.nl,62.65.38.93
1117,Tewes, Gretchen,gtewesg@un.org,43.199.174.158
1118,Pauly, Kristel,kpaulyh@joomla.org,218.119.101.238
1119,Brydell, Lane,lbrydelli@gizmodo.com,29.132.6.105
1121,Heaker, Robbert,rheakerk@shinystat.com,144.169.177.233
1123,Restall, Brandise,brestallm@senate.gov,156.191.198.75
1124,Atto, Lacee,latton@prnewswire.com,43.164.91.31
1125,Auckland, Mollie,maucklando@nps.gov,42.255.87.247
1126,Kneaphsey, Michel,mkneaphseyp@mozilla.com,31.130.251.23
1127,Wolfenden, Sandie,swolfendenq@illinois.edu,202.8.26.185
1129,Francesch, Cherlyn,cfranceschs@patch.com,140.129.223.48
1131,Liven, Malissa,mlivenu@ucoz.ru,180.63.221.173
1133,Crennan, Lyell,lcrennanw@php.net,224.218.15.113
1135,Gudd, Morris,mguddy@163.com,131.168.36.126
1136,Mechic, Toma,tmechicz@netscape.com,71.216.3.2
1137,Mandal, Barnard,bmandal10@amazon.co.jp,44.100.112.34
1139,Boyd, Barnabas,bboyd12@cbslocal.com,150.210.242.33
1140,Josum, Shirleen,sjosum13@alibaba.com,136.28.13.154
1141,Josephi, Desdemona,djosephi14@unc.edu,253.217.202.174
1143,McFie, Doro,dmcfie16@surveymonkey.com,100.57.241.131
1145,Strangman, Brittaney,bstrangman18@cafepress.com,87.237.18.121
1147,Forsbey, Faunie,fforsbey1a@amazonaws.com,214.220.222.62
1148,Gorch, Carolin,cgorch1b@technorati.com,229.85.238.237
1149,Lowey, Hernando,hlowey1c@ebay.co.uk,62.71.106.210
1151,Mitskevich, Ham,hmitskevich1e@baidu.com,2.142.50.74
1152,Pache, Halli,hpache1f@shop-pro.jp,109.141.98.181
1153,Abramovicz, Amye,aabramovicz1g@t.co,199.243.90.170
1154,Bonifant, Marcy,mbonifant1h@list-manage.com,2.91.224.36
1155,Hamley, Derril,dhamley1i@vk.com,231.202.7.69
1156,Casazza, Brandice,bcasazza1j@google.co.jp,85.232.40.224
1157,Kingscote, Rafferty,rkingscote1k@examiner.com,218.75.159.16
1159,Bottomley, Kalil,kbottomley1m@freewebs.com,152.21.8.37
1161,Le Barre, Jamey,jlebarre1o@google.ca,141.64.12.185
1162,Impy, Sheilakathryn,simpy1p@gmpg.org,226.25.177.30
1163,Hirschmann, Joellyn,jhirschmann1q@narod.ru,72.185.125.156
1164,Barsham, Emelia,ebarsham1r@nba.com,88.216.223.171
1165,Yurinov, Early,eyurinov1s@fda.gov,20.216.31.1
1166,Tumelty, Gale,gtumelty1t@google.co.jp,19.184.61.57
1167,Geerling, Ariana,ageerling1u@stumbleupon.com,203.249.91.18
1169,Nisius, Abel,anisius1w@furl.net,15.249.109.6
1170,Knowller, Blisse,bknowller1x@goodreads.com,12.230.90.16
1171,Morman, Marwin,mmorman1y@ted.com,19.131.196.240
1173,Yakovich, Chantal,cyakovich20@census.gov,244.146.82.82
1175,Swanborrow, Guthry,gswanborrow22@canalblog.com,37.13.58.34
1177,Goranov, Brade,bgoranov24@usnews.com,8.172.125.65
1178,Pennyman, Lorne,lpennyman25@themeforest.net,242.152.81.31
1179,Maciaszek, Randall,rmaciaszek26@cnet.com,17.229.165.78
1180,Caulwell, Bridget,bcaulwell27@usda.gov,25.125.195.224
1181,Frodsham, Allan,afrodsham28@discuz.net,234.119.182.186
1182,Pilfold, Bliss,bpilfold29@chron.com,10.253.225.252
1183,Jenks, Rina,rjenks2a@sourceforge.net,147.174.130.180
1185,Chaimson, Guy,gchaimson2c@businesswire.com,207.144.58.58
1186,Morales, Blair,bmorales2d@plala.or.jp,120.158.23.172
1187,Priestley, Kimberly,kpriestley2e@dell.com,154.36.15.126
1188,Picton, Phelia,ppicton2f@bloglovin.com,72.35.252.119
1189,Doring, Hugo,hdoring2g@geocities.com,69.138.45.168
1191,Foystone, Cris,cfoystone2i@dot.gov,178.208.140.57
1193,Lassell, Diena,dlassell2k@hugedomains.com,224.95.98.221
1195,Oxtaby, Barrie,boxtaby2m@constantcontact.com,247.48.224.170
1196,Gonzalez, Olga,ogonzalez2n@yellowpages.com,235.188.217.94
1197,Boult, Marcile,mboult2o@hibu.com,24.31.181.15
1198,Skurray, Kacey,kskurray2p@theguardian.com,200.247.125.101
1199,Elphick, Malena,melphick2q@tamu.edu,97.242.195.34
1200,Wagenen, Leyla,lwagenen2r@icio.us,100.41.129.124
1201,Girod, Elissa,egirod2s@marriott.com,16.233.44.41
1203,Elleton, Arnuad,aelleton2u@stanford.edu,141.211.134.53
1204,Haggus, Aline,ahaggus2v@imageshack.us,207.139.47.190
1205,Dearnley, Euell,edearnley2w@sfgate.com,33.219.55.152
1207,De La Coste, Agretha,adelacoste2y@gnu.org,137.21.8.106
1208,Boak, Molli,mboak2z@mayoclinic.com,170.145.59.174
1209,Flinders, Kurt,kflinders30@paginegialle.it,65.195.143.245
1211,Tims, Deeyn,dtims32@domainmarket.com,30.191.113.237
1213,Hunte, Wendi,whunte34@bbc.co.uk,42.136.96.128
1214,Fonte, Calhoun,cfonte35@purevolume.com,144.32.133.190
1215,Cubbino, Cully,ccubbino36@yellowpages.com,92.81.197.35
1217,Roderham, Terri-jo,troderham38@eepurl.com,144.32.5.51
1219,Rodell, Ashlan,arodell3a@smugmug.com,124.33.166.176
1221,Venes, Rosalynd,rvenes3c@linkedin.com,9.246.6.110
1223,Borges, Emanuel,eborges3e@google.ru,70.174.105.194
1224,Jammes, Bell,bjammes3f@rakuten.co.jp,159.144.51.68
1225,Tackell, Christoper,ctackell3g@tripod.com,132.189.173.159
1226,Kees, Jacky,jkees3h@about.com,209.161.141.166
1227,Pattisson, Genevra,gpattisson3i@flickr.com,62.124.54.64
1229,Zoanetti, Beverly,bzoanetti3k@trellian.com,1.7.237.117
1230,Rainbow, Barbette,brainbow3l@examiner.com,194.94.105.218
1231,Narramor, Claudine,cnarramor3m@cpanel.net,80.68.161.27
1232,Stoffer, Tully,tstoffer3n@unc.edu,61.104.227.9
1233,Capini, Susannah,scapini3o@liveinternet.ru,101.222.221.168
1235,Ellams, Benedick,bellams3q@angelfire.com,111.253.155.186
1236,Dilnot, Fedora,fdilnot3r@amazon.de,83.63.74.13
1237,Kief, Bee,bkief3s@narod.ru,213.122.255.79
1238,Bruins, Kylynn,kbruins3t@admin.ch,214.208.226.225
1239,Biskupski, Frayda,fbiskupski3u@wp.com,189.53.178.59
1240,Pietrzak, Dario,dpietrzak3v@omniture.com,154.61.158.104
1241,Tedahl, Melva,mtedahl3w@wsj.com,239.129.59.174
1243,Ilett, Lemmie,lilett3y@cnbc.com,76.102.121.114
1244,Gilbank, Amabel,agilbank3z@gmpg.org,248.119.223.113
1245,Brameld, Adria,abrameld40@reference.com,1.54.111.3
1247,Simonetto, Wilma,wsimonetto42@cbsnews.com,171.91.222.238
1249,Di Claudio, Isahella,idiclaudio44@soundcloud.com,79.63.7.240
1251,Bayman, Nick,nbayman46@simplemachines.org,84.102.103.79
1252,Miliffe, Suzanna,smiliffe47@bluehost.com,192.115.139.131
1253,Salzberg, Gustie,gsalzberg48@youku.com,26.27.74.37
1254,Dryden, Odelia,odryden49@theatlantic.com,121.76.75.225
1255,Gerant, Lucias,lgerant4a@studiopress.com,0.190.155.76
1256,Kalinovich, Evie,ekalinovich4b@yandex.ru,247.245.7.55
1257,Hoppner, Tabitha,thoppner4c@shareasale.com,15.197.67.104
1259,Beale, Gerianne,gbeale4e@google.de,44.193.87.205
1260,Sloyan, Diahann,dsloyan4f@vk.com,98.76.134.51
1261,Boddy, Opal,oboddy4g@networksolutions.com,81.250.246.195
1263,Hackelton, Francois,fhackelton4i@reference.com,117.221.141.50
1264,Blew, Chloe,cblew4j@earthlink.net,143.38.61.228
1265,Ellar, Eugenius,eellar4k@sciencedirect.com,7.237.79.193
1267,Ledington, Nathalia,nledington4m@ycombinator.com,165.180.200.225
1268,Piatto, Winnie,wpiatto4n@cmu.edu,1.22.5.106
1269,Polack, Lilah,lpolack4o@cafepress.com,228.94.216.31
1270,Jakubski, Jacintha,jjakubski4p@altervista.org,71.241.41.25
1271,Simcoe, Kym,ksimcoe4q@livejournal.com,70.56.29.253
1273,Enos, Dalia,denos4s@networksolutions.com,125.130.24.229
1274,Coulter, Estell,ecoulter4t@yolasite.com,157.49.66.157
1275,Stellman, Zarla,zstellman4u@dedecms.com,84.75.68.5
1276,Sweedland, Lisa,lsweedland4v@linkedin.com,36.53.163.178
1277,Liddon, Bordy,bliddon4w@delicious.com,38.110.143.144
1279,McAneny, Steven,smcaneny4y@prlog.org,101.206.220.201
1281,Wolfendale, Russell,rwolfendale50@hhs.gov,72.116.184.219
1282,Arter, Luise,larter51@e-recht24.de,223.105.167.224
1283,Medendorp, Mehetabel,mmedendorp52@1688.com,201.122.87.170
1285,Mandrier, Chance,cmandrier54@bbc.co.uk,200.40.138.73
1286,Giacobillo, Devora,dgiacobillo55@unicef.org,141.38.46.72
1287,Claxson, Kattie,kclaxson56@barnesandnoble.com,202.1.58.11
1288,Chappel, Sandra,schappel57@indiegogo.com,191.75.48.25
1289,Hutchence, Denver,dhutchence58@webmd.com,52.120.30.238
1291,Mallon, Consuela,cmallon5a@mayoclinic.com,124.148.156.96
1292,Capelin, Euphemia,ecapelin5b@google.com.hk,84.164.173.200
1293,Westwater, Codi,cwestwater5c@moonfruit.com,221.170.83.227
1294,Montez, Alvina,amontez5d@sourceforge.net,70.176.244.94
1295,Grout, Merilee,mgrout5e@skyrock.com,174.165.31.139
1296,Autrie, Evangeline,eautrie5f@phoca.cz,65.102.165.157
1297,Jeffry, Matthias,mjeffry5g@moonfruit.com,237.18.142.74
1298,Olivo, Pearline,polivo5h@imageshack.us,45.18.79.54
1299,Strainge, Jorrie,jstrainge5i@jugem.jp,215.140.231.86
1301,Bremond, Rheba,rbremond5k@yellowbook.com,132.53.102.239
1302,Abramowitz, Una,uabramowitz5l@aol.com,38.98.149.23
1303,Preece, Lina,lpreece5m@pinterest.com,153.235.131.29
1305,Spoole, Derrik,dspoole5o@squarespace.com,53.92.31.17
1306,Boundley, Lorrayne,lboundley5p@reference.com,33.40.199.135
1307,Khristyukhin, Brod,bkhristyukhin5q@constantcontact.com,70.194.213.14
1309,Goldsby, Thedrick,tgoldsby5s@360.cn,139.194.31.150
1310,Huckabe, Kelly,khuckabe5t@mlb.com,250.26.79.14
1311,Toghill, Tremaine,ttoghill5u@wikispaces.com,235.73.97.190
1313,Varnals, Janette,jvarnals5w@joomla.org,219.162.167.201
1314,Gorries, Beulah,bgorries5x@parallels.com,157.5.59.81
1315,Bettam, Shea,sbettam5y@twitter.com,133.225.118.249
1316,Disbrey, Heddi,hdisbrey5z@yandex.ru,249.21.186.168
1317,Charlin, Theresa,tcharlin60@latimes.com,139.27.48.34
1318,Berns, Lib,lberns61@i2i.jp,217.206.128.155
1319,Ledram, Tremayne,tledram62@meetup.com,194.78.213.234
1321,Goublier, Conny,cgoublier64@123-reg.co.uk,138.54.22.226
1322,Comport, Astra,acomport65@archive.org,234.183.167.46
1323,Dautry, Ginni,gdautry66@surveymonkey.com,188.248.14.19
1324,Jaggar, Carina,cjaggar67@hp.com,20.122.7.203
1325,Sturridge, Oralee,osturridge68@shutterfly.com,47.49.11.188
1326,Yukhov, Dulcine,dyukhov69@1und1.de,79.254.176.149
1327,Klain, Peria,pklain6a@google.co.uk,19.177.206.199
1328,Gandey, Eleen,egandey6b@cbslocal.com,201.207.68.105
1329,Montgomery, Alison,amontgomery6c@tripod.com,197.234.238.196
1330,Elsey, Kacy,kelsey6d@house.gov,102.140.175.15
1331,Dallaghan, Wallache,wdallaghan6e@va.gov,194.197.194.196
1332,Wakeley, Amaleta,awakeley6f@miitbeian.gov.cn,163.34.205.29
1333,Petkovic, Odelle,opetkovic6g@etsy.com,194.188.59.222
1335,Mulrooney, Davon,dmulrooney6i@dion.ne.jp,44.125.123.207
1336,Andrysek, Clair,candrysek6j@ted.com,7.138.96.97
1337,Skingley, Joete,jskingley6k@fda.gov,178.167.117.68
1338,Bannell, Philis,pbannell6l@reference.com,84.35.149.245
1339,Morsom, Veronika,vmorsom6m@dagondesign.com,206.182.1.3
1340,Giannazzi, Christiane,cgiannazzi6n@google.co.uk,2.171.56.32
1341,Swayton, Silvain,sswayton6o@symantec.com,54.226.88.52
1342,Sindall, Klara,ksindall6p@paypal.com,245.25.172.158
1343,Jukes, Michelina,mjukes6q@alibaba.com,231.25.220.212
1345,Screase, Addie,ascrease6s@dion.ne.jp,180.38.239.224
1346,Nendick, Tersina,tnendick6t@biglobe.ne.jp,44.109.231.33
1347,Heyworth, Ade,aheyworth6u@tripadvisor.com,67.127.145.44
1349,Franscioni, Emmalynn,efranscioni6w@netscape.com,154.119.75.95
1351,Kellard, Shalne,skellard6y@seesaa.net,90.235.36.2
1352,Lewsey, Nettle,nlewsey6z@ehow.com,171.33.103.181
1353,Dye, Petronille,pdye70@marketwatch.com,77.206.235.31
1355,McKendo, Rab,rmckendo72@hc360.com,225.43.194.108
1357,Rizzotto, Vernen,vrizzotto74@github.io,76.44.51.23
1359,Trippitt, Devlin,dtrippitt76@de.vu,226.79.33.169
1360,Cholwell, Jorie,jcholwell77@hostgator.com,54.152.30.248
1361,Iannini, Kimble,kiannini78@ox.ac.uk,205.218.15.101
1363,Rentalll, Afton,arentalll7a@histats.com,62.66.204.93
1365,Renhard, Laureen,lrenhard7c@gizmodo.com,29.187.50.191
1367,Pluck, Lyda,lpluck7e@over-blog.com,84.22.107.191
1369,Luna, Fielding,fluna7g@addthis.com,201.195.137.229
1371,Doldon, Sonia,sdoldon7i@upenn.edu,203.50.41.131
1373,Hansana, Tomasine,thansana7k@sun.com,90.9.128.48
1374,Hawkswood, Siana,shawkswood7l@taobao.com,92.79.2.179
1375,Boutellier, Jo,jboutellier7m@wikispaces.com,137.59.168.198
1376,Thomton, Dominica,dthomton7n@sciencedaily.com,11.176.151.249
1377,Menendes, Margi,mmenendes7o@biblegateway.com,127.116.150.173
1378,Waber, Ellis,ewaber7p@chicagotribune.com,162.36.231.27
1379,Everingham, Aili,aeveringham7q@state.gov,25.117.135.205
1381,Meadus, Lisetta,lmeadus7s@hp.com,73.207.170.181
1382,Seleway, Tillie,tseleway7t@indiegogo.com,51.72.47.194
1383,Howselee, Gabriele,ghowselee7u@marketwatch.com,50.220.24.157
1384,Steeden, Maris,msteeden7v@163.com,86.135.124.166
1385,Steaning, Randi,rsteaning7w@altervista.org,189.52.59.54
1386,Gaskoin, Phoebe,pgaskoin7x@columbia.edu,72.247.56.222
1387,Mariotte, Randall,rmariotte7y@bbc.co.uk,101.84.169.92
1388,Hurd, Anna-maria,ahurd7z@columbia.edu,14.104.40.95
1389,Stammler, Hetti,hstammler80@jimdo.com,12.117.236.224
1391,How to preserve, Rita,rhowtopreserve82@vistaprint.com,44.91.9.22
1393,Roney, Worthy,wroney84@liveinternet.ru,182.52.149.45
1394,Hanna, Chloe,channa85@freewebs.com,34.5.133.112
1395,De Ambrosi, Effie,edeambrosi86@clickbank.net,243.89.73.128
1397,Gaylord, Lib,lgaylord88@google.co.jp,208.153.23.121
1399,Ladds, Crissy,cladds8a@4shared.com,227.224.179.219
1400,Buzine, Maryellen,mbuzine8b@zdnet.com,113.80.186.35
1401,Cinderey, Errol,ecinderey8c@t.co,251.234.28.2
1403,Cannam, Berti,bcannam8e@storify.com,210.55.238.92
1404,Gingle, Stacee,sgingle8f@gravatar.com,104.249.188.202
1405,Ivantyev, Jere,jivantyev8g@patch.com,14.199.201.108
1407,Jeandillou, Clayborne,cjeandillou8i@topsy.com,102.240.13.35
1408,Galtone, Maible,mgaltone8j@altervista.org,25.72.255.115
1409,Fletcher, Yoko,yfletcher8k@dot.gov,90.84.233.167
1411,Hackinge, Sterne,shackinge8m@cafepress.com,76.46.149.114
1413,Wittey, Benni,bwittey8o@ox.ac.uk,70.32.234.209
1415,De Fries, Rafi,rdefries8q@moonfruit.com,240.175.94.105
1416,Maddrell, Milena,mmaddrell8r@sphinn.com,175.154.161.89
1417,Marl, Susy,smarl8s@amazon.com,103.12.171.21
1418,Bouchier, Magdaia,mbouchier8t@elegantthemes.com,115.90.143.130
1419,Meldrum, Kizzie,kmeldrum8u@microsoft.com,227.244.42.9
1421,Braxay, Granny,gbraxay8w@irs.gov,58.129.53.172
1422,Kerrigan, Caitlin,ckerrigan8x@quantcast.com,35.134.175.204
1423,McAuslan, Matthus,mmcauslan8y@artisteer.com,90.72.64.23
1425,Kencott, Wendell,wkencott90@chron.com,10.118.240.69
1426,Dooher, Alyda,adooher91@a8.net,25.220.23.245
1427,Hellings, Lonna,lhellings92@bravesites.com,51.123.78.54
1429,Edwins, Talyah,tedwins94@earthlink.net,244.128.158.86
1430,Battison, Marijo,mbattison95@biglobe.ne.jp,218.189.132.61
1431,Worledge, Lyndell,lworledge96@spotify.com,27.254.51.4
1432,Mattersey, Andee,amattersey97@gmpg.org,88.56.144.218
1433,Proughten, Averell,aproughten98@xrea.com,141.203.197.132
1435,Lyosik, Elnar,elyosik9a@hatena.ne.jp,174.189.207.57
1436,MacGarvey, Marris,mmacgarvey9b@zdnet.com,95.244.90.80
1437,Basketfield, Tony,tbasketfield9c@mail.ru,82.10.186.58
1439,Suffe, Cyrillus,csuffe9e@sciencedaily.com,142.202.110.164
1440,Rattenbury, Clementina,crattenbury9f@gnu.org,9.232.117.35
1441,Gunda, Marci,mgunda9g@topsy.com,62.33.201.217
1443,Mont, Conni,cmont9i@nature.com,228.96.47.79
1445,Botham, Ada,abotham9k@time.com,49.185.96.212
1447,Antao, Cayla,cantao9m@mediafire.com,5.59.79.182
1449,Doylend, Judd,jdoylend9o@stanford.edu,37.30.27.154
1450,Blowfelde, Ferdinande,fblowfelde9p@tinypic.com,164.245.81.49
1451,Norgan, Lanita,lnorgan9q@de.vu,64.205.80.1
1453,Dannohl, Chrysler,cdannohl9s@cocolog-nifty.com,96.72.151.112
1454,Santino, Gates,gsantino9t@about.me,40.205.109.120
1455,Dartnall, Hadleigh,hdartnall9u@webnode.com,92.75.208.218
1457,Stanesby, Sigismond,sstanesby9w@foxnews.com,214.164.92.106
1459,Minto, Maure,mminto9y@bing.com,45.85.36.100
1460,Crawshaw, Marlo,mcrawshaw9z@istockphoto.com,130.237.10.5
1461,Ilyasov, Bella,bilyasova0@wp.com,23.100.49.224
1463,Boakes, Ryley,rboakesa2@theglobeandmail.com,190.159.202.24
1465,Lankham, Valerye,vlankhama4@livejournal.com,15.115.225.126
1467,Attock, Dodi,dattocka6@goo.gl,43.30.139.25
1468,Chappelow, Frederique,fchappelowa7@wisc.edu,50.156.44.163
1469,Stennard, Sandy,sstennarda8@vistaprint.com,231.251.248.41
1471,Grennan, Annabel,agrennanaa@yellowpages.com,161.115.26.76
1473,Shillam, Cleon,cshillamac@timesonline.co.uk,14.17.218.156
1474,Gentreau, Tamera,tgentreauad@spotify.com,44.103.136.143
1475,Normabell, Esteban,enormabellae@theguardian.com,83.90.73.199
1476,Kuschel, Merle,mkuschelaf@comsenz.com,186.176.205.18
1477,Inott, Ingelbert,iinottag@ihg.com,88.119.10.93
1478,Bouller, Flossy,fboullerah@cbsnews.com,221.59.173.249
1479,Caris, Marris,mcarisai@japanpost.jp,244.85.36.191
1480,Sayer, Elsy,esayeraj@clickbank.net,162.80.109.45
1481,Whipp, Natalee,nwhippak@bravesites.com,16.134.65.89
1482,Gallardo, Cassondra,cgallardoal@plala.or.jp,119.235.60.113
1483,Corain, Woodrow,wcorainam@cnbc.com,157.255.238.109
1484,Sate, Kass,ksatean@51.la,124.68.185.162
1485,Bedell, Happy,hbedellao@angelfire.com,179.88.8.83
1487,Bauckham, Cordelia,cbauckhamaq@ow.ly,249.34.42.214
1489,Udell, Gwyn,gudellas@rambler.ru,240.55.25.246
1491,Hazeley, Jennette,jhazeleyau@devhub.com,138.125.215.63
1492,Caulcutt, Kellyann,kcaulcuttav@google.com.au,46.114.127.174
1493,Bankes, Ros,rbankesaw@acquirethisname.com,157.114.28.93
1495,Marion, Tull,tmarionay@who.int,25.188.160.209
1496,Easum, Koo,keasumaz@patch.com,195.106.162.86
1497,Hatch, Anetta,ahatchb0@livejournal.com,202.214.176.32
1498,Skirvin, Emelyne,eskirvinb1@techcrunch.com,121.86.40.86
1499,Sydes, Brocky,bsydesb2@shareasale.com,132.173.229.30
1501,Peasee, Melisande,mpeaseeb4@wufoo.com,236.5.191.37
1502,Shovelbottom, Regine,rshovelbottomb5@bing.com,203.105.137.96
1503,O'Nions, Anthia,aonionsb6@csmonitor.com,212.57.100.192
1504,Cavee, Beilul,bcaveeb7@bizjournals.com,182.207.120.77
1505,Cordelette, Edgardo,ecordeletteb8@sbwire.com,239.29.223.57
1507,Hernik, Harwell,hhernikba@moonfruit.com,251.111.166.108
1508,Kilian, Ban,bkilianbb@about.me,133.238.45.19
1509,Boniface, Gerty,gbonifacebc@census.gov,163.244.155.14
1511,Stump, Jock,jstumpbe@zdnet.com,32.175.197.219
1513,Rawlyns, Lewes,lrawlynsbg@bandcamp.com,27.46.35.7
1514,Facchini, Tabina,tfacchinibh@godaddy.com,225.194.163.8
1515,Muckle, Jolene,jmucklebi@stanford.edu,233.83.234.64
1517,Fitzsymon, Ricki,rfitzsymonbk@ihg.com,159.16.63.173
1519,Jeenes, Caitrin,cjeenesbm@bloglovin.com,41.251.88.118
1520,Tobin, Jen,jtobinbn@php.net,11.150.144.149
1521,Hingeley, Giselle,ghingeleybo@walmart.com,243.237.197.9
1523,Wilcher, Tomlin,twilcherbq@blogger.com,136.149.11.181
1525,Minker, Suzi,sminkerbs@prnewswire.com,165.78.109.118
1527,Bello, Ozzie,obellobu@ihg.com,216.66.191.232
1528,Gaylor, Hillary,hgaylorbv@seesaa.net,22.176.248.144
1529,Batchelder, Roanna,rbatchelderbw@admin.ch,242.110.36.26
1531,Heatley, Lilith,lheatleyby@walmart.com,80.153.128.156
1533,Sydry, Deerdre,dsydryc0@geocities.jp,182.181.135.15
1534,Tinklin, Vanna,vtinklinc1@tiny.cc,218.205.228.143
1535,Rene, Griffin,grenec2@feedburner.com,45.194.126.17
1536,Harrill, Alison,aharrillc3@typepad.com,254.38.95.35
1537,Center, Francklyn,fcenterc4@spotify.com,93.123.174.162
1539,Huntall, Daffi,dhuntallc6@epa.gov,87.123.224.138
1540,Brittoner, Koren,kbrittonerc7@fc2.com,156.36.7.151
1541,Averies, Mackenzie,maveriesc8@amazon.co.uk,25.251.117.124
1543,Stapleton, Greg,gstapletonca@barnesandnoble.com,73.217.21.213
1544,Andrieux, Moria,mandrieuxcb@chronoengine.com,47.159.229.253
1545,Margetson, Catherine,cmargetsoncc@businessweek.com,57.177.166.13
1547,Senchenko, Rolph,rsenchenkoce@artisteer.com,62.204.198.159
1549,Pitrasso, Phillis,ppitrassocg@163.com,137.242.219.92
1551,Erbe, Gertrude,gerbeci@salon.com,224.29.137.222
1553,Haddinton, Abram,ahaddintonck@mtv.com,108.72.184.188
1554,Pratt, Bernie,bprattcl@unesco.org,220.150.177.12
1555,Merkle, Standford,smerklecm@nba.com,167.158.186.11
1556,O'Hartnett, Randi,rohartnettcn@independent.co.uk,66.61.161.111
1557,Balffye, Zitella,zbalffyeco@webmd.com,127.87.89.81
1558,Alwell, Laetitia,lalwellcp@mac.com,51.181.126.190
1559,Janicek, Nicola,njanicekcq@is.gd,21.37.1.114
1561,Maryska, Wileen,wmaryskacs@amazon.com,109.88.238.96
1562,Falla, Lindie,lfallact@google.com.hk,247.141.194.109
1563,Habgood, Timofei,thabgoodcu@fda.gov,216.71.92.59
1565,Vasilischev, Hadlee,hvasilischevcw@issuu.com,91.113.33.247
1567,Mathiassen, Base,bmathiassency@tumblr.com,55.238.38.89
1568,Morshead, Bidget,bmorsheadcz@w3.org,132.207.174.216
1569,Offield, Sky,soffieldd0@nationalgeographic.com,89.108.36.82
1570,Balding, Devinne,dbaldingd1@edublogs.org,171.102.101.230
1571,Vergo, Taber,tvergod2@example.com,206.79.133.53
1572,Le Marquand, Ofilia,olemarquandd3@pcworld.com,229.196.182.208
1573,Ringham, Yurik,yringhamd4@opensource.org,12.228.215.74
1575,Iddy, Stefania,siddyd6@printfriendly.com,117.66.16.28
1577,Zohrer, Corri,czohrerd8@dot.gov,89.212.33.193
1579,Thurling, Papagena,pthurlingda@dagondesign.com,186.168.193.35
1581,Wiper, Paulette,pwiperdc@linkedin.com,109.154.252.67
1583,Wightman, Fionna,fwightmande@tiny.cc,52.49.63.225
1585,Pinder, Raina,rpinderdg@foxnews.com,84.159.183.197
1587,Blainey, Ginelle,gblaineydi@sina.com.cn,54.201.228.100
1588,Durham, Suzanne,sdurhamdj@cbc.ca,254.81.74.72
1589,McEwan, Case,cmcewandk@unicef.org,44.82.211.97
1590,Morpeth, Molly,mmorpethdl@abc.net.au,43.145.249.147
1591,Scone, Lynett,lsconedm@lulu.com,55.48.175.157
1592,Goard, Emma,egoarddn@nih.gov,201.180.155.179
1593,Stryde, Rance,rstrydedo@opensource.org,178.237.250.216
1595,Gulc, Joanie,jgulcdq@webeden.co.uk,8.227.248.207
1597,Henfre, Carmon,chenfreds@psu.edu,147.231.46.179
1598,Pardal, Selena,spardaldt@theguardian.com,110.173.94.214
1599,Lambal, Sherman,slambaldu@rediff.com,108.244.96.118
1601,Fradson, Brianne,bfradsondw@amazon.com,76.116.211.32
1602,Veck, Wenda,wveckdx@usgs.gov,112.201.239.83
1603,Minger, Myrtia,mmingerdy@homestead.com,250.145.31.59
1605,Bensley, Philipa,pbensleye0@stanford.edu,148.61.38.143
1606,Snellman, Sanderson,ssnellmane1@arizona.edu,160.71.177.52
1607,Thunderman, Rollin,rthundermane2@over-blog.com,197.244.5.212
1608,Plaistowe, Dallas,dplaistowee3@weather.com,248.155.195.204
1609,Monnoyer, Xenos,xmonnoyere4@google.co.jp,34.98.9.106
1611,Caven, Morgana,mcavene6@amazon.co.uk,97.143.248.192
1613,Burlingham, Newton,nburlinghame8@harvard.edu,105.246.112.0
1615,Sommerton, Dorolisa,dsommertonea@desdev.cn,141.51.210.170
1617,Matyatin, Aviva,amatyatinec@google.com,43.48.240.205
1619,De Giorgis, Barnaby,bdegiorgisee@cbslocal.com,192.25.243.196
1620,Faunt, Ros,rfauntef@shareasale.com,226.7.202.232
1621,Maker, Genovera,gmakereg@youtube.com,60.65.150.25
1623,Dreger, Mort,mdregerei@dyndns.org,193.191.115.174
1625,Birdsey, Gilburt,gbirdseyek@livejournal.com,156.116.99.96
1627,Bassil, Werner,wbassilem@com.com,99.99.27.99
1628,Bauchop, Nady,nbauchopen@cdc.gov,50.251.110.227
1629,Steenson, Lorilee,lsteensoneo@livejournal.com,244.54.113.243
1631,Vondruska, Tedie,tvondruskaeq@vk.com,251.140.151.3
1632,Delicate, Fidelity,fdelicateer@php.net,206.133.170.139
1633,McCrie, Aime,amccriees@sohu.com,1.51.169.253
1635,Folder, Lucy,lfoldereu@flickr.com,175.78.10.69
1637,Filby, Felicio,ffilbyew@twitpic.com,160.181.207.151
1638,Davidove, Wilhelmina,wdavidoveex@intel.com,83.133.198.86
1639,Faustian, Mariellen,mfaustianey@dagondesign.com,214.145.74.12
1641,Camm, Julia,jcammf0@friendfeed.com,185.136.3.248
1643,Redon, Zachery,zredonf2@bloomberg.com,163.0.95.211
1644,Marrian, Drusie,dmarrianf3@ycombinator.com,255.22.113.90
1645,Gaylard, Noellyn,ngaylardf4@nih.gov,235.127.51.95
1646,Peacher, Janey,jpeacherf5@go.com,206.56.177.18
1647,Kausche, Ariana,akauschef6@sina.com.cn,7.43.6.109
1648,De Paoli, Karmen,kdepaolif7@globo.com,165.223.95.171
1649,Calkin, Raul,rcalkinf8@cbsnews.com,226.222.76.162
1650,Harkin, Marys,mharkinf9@wix.com,157.104.207.139
1651,Claxson, Lincoln,lclaxsonfa@cloudflare.com,81.219.21.110
1652,Sikorski, Amye,asikorskifb@icq.com,109.167.21.162
1653,Reihill, Sibyl,sreihillfc@scribd.com,23.5.72.168
1655,Hamm, Maury,mhammfe@mozilla.org,203.219.182.190
1656,Menichillo, Myca,mmenichilloff@mozilla.org,210.60.136.186
1657,Jenkin, Skippy,sjenkinfg@desdev.cn,81.139.182.22
1659,Easterling, Isaiah,ieasterlingfi@vinaora.com,237.77.156.231
1661,Ware, Odie,owarefk@g.co,233.36.155.74
1663,O'Crotty, Trey,tocrottyfm@usatoday.com,66.93.80.70
1664,Laytham, Isabelle,ilaythamfn@smh.com.au,254.197.116.201
1665,Durrance, Kevan,kdurrancefo@about.me,206.163.149.76
1666,Paschek, Franny,fpaschekfp@slate.com,197.158.49.223
1667,Charlotte, Kippy,kcharlottefq@dell.com,213.33.102.86
1668,Befroy, Sallyann,sbefroyfr@va.gov,1.106.117.138
1669,Leyfield, Denny,dleyfieldfs@ocn.ne.jp,243.218.209.110
1670,Regi, Jenifer,jregift@nasa.gov,69.67.229.81
1671,Essberger, Morly,messbergerfu@ted.com,219.228.92.175
1672,Howler, Jacquie,jhowlerfv@4shared.com,10.205.191.102
1673,Giraldon, Angelico,agiraldonfw@blinklist.com,245.191.124.16
1675,Grindlay, Stinky,sgrindlayfy@yolasite.com,201.108.50.153
1676,Jupe, Dasi,djupefz@sogou.com,69.30.82.6
1677,Tadman, Brigit,btadmang0@eepurl.com,92.79.160.70
1679,Hatch, Kelsy,khatchg2@mac.com,146.144.206.207
1680,Myerscough, Ariela,amyerscoughg3@theguardian.com,33.135.15.8
1681,Ransbury, Darn,dransburyg4@tinypic.com,158.121.254.69
1682,Dilliston, Eleni,edillistong5@wikimedia.org,229.190.236.67
1683,Heyward, Nikki,nheywardg6@cbc.ca,27.73.98.206
1684,Griffoen, Lucienne,lgriffoeng7@answers.com,157.90.7.19
1685,Kleyn, Cathe,ckleyng8@eventbrite.com,42.168.229.103
1687,Durrans, Megen,mdurransga@google.co.jp,226.20.223.98
1688,Mead, Bryn,bmeadgb@howstuffworks.com,167.228.90.205
1689,Keller, Rhonda,rkellergc@trellian.com,173.99.31.163
1690,McDirmid, Floris,fmcdirmidgd@bigcartel.com,139.153.143.226
1691,Kenney, Sterling,skenneyge@liveinternet.ru,213.138.236.33
1692,Giorgietto, Bibi,bgiorgiettogf@cdbaby.com,48.98.164.58
1693,Davidzon, Hedwiga,hdavidzongg@home.pl,172.72.53.189
1694,Adamo, Maribelle,madamogh@infoseek.co.jp,68.63.19.190
1695,Crick, Philis,pcrickgi@devhub.com,30.147.255.217
1696,Janecki, Batsheva,bjaneckigj@adobe.com,123.192.234.250
1697,Dowsett, Verine,vdowsettgk@issuu.com,167.61.16.144
1698,Pargeter, Felipe,fpargetergl@people.com.cn,20.60.43.210
1699,Skellon, Cecilia,cskellongm@slate.com,179.73.20.63
1700,Boutflour, Gabriel,gboutflourgn@nymag.com,138.141.97.235
1701,Healks, Regan,rhealksgo@japanpost.jp,123.116.11.56
1703,Aindrais, Jolyn,jaindraisgq@ox.ac.uk,103.29.247.54
1704,Longmate, Adina,alongmategr@tripadvisor.com,99.219.128.109
1705,Bartolomeazzi, Goldie,gbartolomeazzigs@clickbank.net,42.41.241.13
1707,Worrill, Jodi,jworrillgu@npr.org,144.35.59.84
1708,Piggin, Thoma,tpiggingv@sohu.com,239.242.164.204
1709,Lebarree, Reggie,rlebarreegw@rediff.com,74.12.180.93
1711,Mehew, Yorker,ymehewgy@geocities.jp,166.240.235.135
1713,Barchrameev, Dacie,dbarchrameevh0@pcworld.com,114.98.12.64
1714,Kivelle, Lacey,lkivelleh1@ftc.gov,74.38.15.68
1715,Allchin, Zahara,zallchinh2@berkeley.edu,236.34.161.230
1716,Hinz, Rachelle,rhinzh3@surveymonkey.com,207.87.18.117
1717,Scotchbrook, Dolf,dscotchbrookh4@netlog.com,250.135.107.148
1718,Woodham, Ansley,awoodhamh5@storify.com,8.192.122.41
1719,Lettice, Dru,dletticeh6@wikipedia.org,8.98.244.134
1720,MacGillespie, Janifer,jmacgillespieh7@ovh.net,238.254.53.54
1721,Chisolm, Florinda,fchisolmh8@ted.com,198.92.153.225
1722,Rosenzveig, Marcie,mrosenzveigh9@taobao.com,202.107.219.199
1723,Stormes, Blisse,bstormesha@php.net,201.200.54.13
1725,Degli Antoni, Dell,ddegliantonihc@angelfire.com,103.42.110.154
1726,MacCallion, Anna-diane,amaccallionhd@addtoany.com,114.201.205.42
1727,Matteoli, Cynthea,cmatteolihe@creativecommons.org,164.18.139.141
1728,Plaster, Georgiana,gplasterhf@ovh.net,162.167.0.166
1729,Sygrove, Emma,esygrovehg@timesonline.co.uk,199.28.28.182
1730,Purdey, Penny,ppurdeyhh@simplemachines.org,112.1.100.215
1731,Whitta, Margaux,mwhittahi@opensource.org,222.141.43.214
1732,Le Brom, Brynne,blebromhj@ucoz.ru,183.113.244.201
1733,Pimerick, Malinda,mpimerickhk@cbc.ca,18.240.85.28
1734,MacCorley, Cindie,cmaccorleyhl@abc.net.au,172.190.248.0
1735,Giacobelli, Cecilius,cgiacobellihm@chron.com,70.190.234.14
1736,Polding, Lorine,lpoldinghn@europa.eu,202.230.77.225
1737,Buret, Evered,eburetho@exblog.jp,99.25.141.50
1738,MacGorley, Kiele,kmacgorleyhp@comsenz.com,59.75.106.137
1739,MacSkeaghan, Florri,fmacskeaghanhq@theguardian.com,3.255.235.174
1740,Zucker, Susannah,szuckerhr@jugem.jp,55.128.196.170
1741,Woodrough, Kelcy,kwoodroughhs@ted.com,87.254.123.98
1742,Poolton, Tarra,tpooltonht@gravatar.com,225.170.120.129
1743,Fullalove, Neall,nfullalovehu@europa.eu,143.124.9.12
1744,Bassford, Meryl,mbassfordhv@vkontakte.ru,119.38.207.121
1745,Wimbush, Candida,cwimbushhw@fema.gov,186.25.116.16
1746,Magee, Lacie,lmageehx@so-net.ne.jp,160.195.232.84
1747,Hallin, Heywood,hhallinhy@list-manage.com,19.104.3.88
1748,Pennicard, Adriane,apennicardhz@va.gov,12.238.137.235
1749,Bargery, Raoul,rbargeryi0@unicef.org,9.247.92.226
1751,Beauman, Chrissie,cbeaumani2@zimbio.com,18.224.21.83
1752,Arunowicz, Aleen,aarunowiczi3@reverbnation.com,37.185.197.29
1753,Littley, Olia,olittleyi4@thetimes.co.uk,255.175.6.170
1754,Garnsworthy, Dara,dgarnsworthyi5@newyorker.com,131.28.148.224
1755,Charpin, Tanya,tcharpini6@huffingtonpost.com,45.11.2.245
1756,Sainte Paul, Leland,lsaintepauli7@wunderground.com,213.98.222.56
1757,Englefield, Hilton,henglefieldi8@engadget.com,172.148.158.251
1759,Leek, Collie,cleekia@seattletimes.com,249.85.242.98
1761,Castagna, Becki,bcastagnaic@reuters.com,176.229.127.90
1762,Jacobovitz, Lavina,ljacobovitzid@1und1.de,195.168.24.213
1763,Dodamead, Nomi,ndodameadie@telegraph.co.uk,202.167.165.163
1764,Lacelett, Pru,placelettif@amazon.co.uk,140.20.86.246
1765,Coggill, Weber,wcoggillig@usnews.com,65.111.143.113
1766,MacBean, Cyb,cmacbeanih@networkadvertising.org,183.9.50.80
1767,Sandilands, Kelley,ksandilandsii@squidoo.com,245.179.217.206
1768,Lilliman, Legra,llillimanij@adobe.com,69.13.143.195
1769,Siemon, Grete,gsiemonik@live.com,59.217.28.14
1771,Slesser, Philippine,pslesserim@webmd.com,51.183.229.197
1772,McCloch, Jaime,jmcclochin@weather.com,229.220.60.67
1773,Abramcik, Lolita,labramcikio@1688.com,207.179.185.218
1774,Cullington, Erminia,ecullingtonip@microsoft.com,235.207.34.86
1775,Hovert, Sayres,shovertiq@studiopress.com,230.45.172.95
1777,Kryska, Ida,ikryskais@prnewswire.com,119.112.45.251
1779,Dimitrescu, Anny,adimitrescuiu@deviantart.com,40.88.161.155
1781,Rubega, Maible,mrubegaiw@webs.com,75.144.175.163
1783,Bramo, Chris,cbramoiy@moonfruit.com,127.192.235.177
1784,Prys, Lesley,lprysiz@tmall.com,55.174.137.74
1785,Ostick, Harriette,hostickj0@bloglovin.com,227.205.120.185
1787,Kerbler, Malinde,mkerblerj2@wix.com,107.10.19.167
1788,Tunmore, Haily,htunmorej3@thetimes.co.uk,3.25.155.73
1789,Ponten, Eleonora,epontenj4@google.com.hk,46.105.54.123
1790,MacAloren, Jennee,jmacalorenj5@virginia.edu,98.32.31.23
1791,Blaisdell, Charyl,cblaisdellj6@ifeng.com,81.145.103.0
1793,Trusdale, Saba,strusdalej8@epa.gov,82.185.126.114
1794,Gowland, Rea,rgowlandj9@a8.net,223.217.142.135
1795,Rudderham, Sutherlan,srudderhamja@php.net,242.17.56.91
1797,Vallerine, Far,fvallerinejc@github.com,49.75.154.120
1799,Corbould, Viv,vcorbouldje@tinypic.com,195.91.110.213
1801,Wyer, Ashby,awyerjg@twitter.com,226.20.85.218
1803,Binford, Kelsey,kbinfordji@diigo.com,209.13.11.22
1805,Willgress, Bard,bwillgressjk@usnews.com,61.41.100.95
1806,Lukacs, Lorette,llukacsjl@springer.com,111.102.252.158
1807,Downham, Cory,cdownhamjm@unblog.fr,47.211.99.177
1809,Stanes, Ilsa,istanesjo@spotify.com,51.21.131.173
1811,MacLucais, Micheal,mmaclucaisjq@github.io,243.215.80.173
1813,Svanini, Lindsay,lsvaninijs@ustream.tv,48.52.24.75
1815,Klezmski, Shaylynn,sklezmskiju@typepad.com,50.121.3.52
1816,Charon, Gloriana,gcharonjv@statcounter.com,129.254.40.235
1817,Yerrill, Stacee,syerrilljw@senate.gov,168.159.42.243
1819,Whytock, Hyacinthie,hwhytockjy@harvard.edu,1.91.81.59
1821,Idell, Pru,pidellk0@istockphoto.com,57.252.52.57
1822,Regglar, Gareth,gregglark1@list-manage.com,140.42.127.116
1823,Archibould, Loren,larchibouldk2@51.la,45.152.18.12
1825,Donlon, Lizzie,ldonlonk4@mozilla.com,78.231.126.187
1826,Shimoni, Lilas,lshimonik5@nsw.gov.au,204.110.157.132
1827,Northbridge, Zeke,znorthbridgek6@ted.com,191.251.24.211
1829,Vayne, Stephani,svaynek8@last.fm,237.87.138.18
1830,Ray, Dore,drayk9@freewebs.com,108.54.223.218
1831,Veschi, Buddy,bveschika@columbia.edu,68.165.69.63
1833,McNirlin, Jessamyn,jmcnirlinkc@elegantthemes.com,18.209.54.209
1834,McPherson, Cass,cmcphersonkd@foxnews.com,107.252.40.173
1835,Sellan, Desiree,dsellanke@reference.com,167.72.181.21
1836,Chudleigh, Joyce,jchudleighkf@bing.com,95.0.160.150
1837,Stephens, Garrick,gstephenskg@shutterfly.com,175.178.238.86
1838,Rivilis, Mollee,mriviliskh@etsy.com,217.59.213.254
1839,Fish, Hogan,hfishki@fastcompany.com,147.117.185.194
1841,Kipling, Efrem,ekiplingkk@usgs.gov,116.114.77.98
1843,Purple, Julie,jpurplekm@taobao.com,65.181.195.178
1844,Solan, Lyssa,lsolankn@cdbaby.com,225.227.10.186
1845,Reggler, Katuscha,kregglerko@altervista.org,53.120.101.4
1847,Fairham, Geoffrey,gfairhamkq@furl.net,109.25.59.141
1848,Stoneham, Winne,wstonehamkr@xing.com,67.47.28.209
1849,O'Doireidh, Hermann,hodoireidhks@amazon.co.uk,88.23.71.172
1851,MacIlory, Simon,smaciloryku@tripod.com,241.29.159.15
1852,Pelchat, Miranda,mpelchatkv@comsenz.com,110.106.131.185
1853,Morsom, Grove,gmorsomkw@addtoany.com,42.164.177.118
1854,Bachura, Loree,lbachurakx@parallels.com,221.159.212.188
1855,Lindley, Dora,dlindleyky@clickbank.net,80.146.3.127
1857,Aughton, Vincents,vaughtonl0@symantec.com,91.3.237.211
1858,Pierucci, Deane,dpieruccil1@photobucket.com,158.55.92.188
1859,Jedrzejczak, Dahlia,djedrzejczakl2@vk.com,62.126.34.245
1860,Pittford, Michelle,mpittfordl3@sourceforge.net,241.66.21.142
1861,Giacoboni, Jordana,jgiacobonil4@gravatar.com,88.27.7.155
1862,Kirimaa, Fredi,fkirimaal5@engadget.com,157.178.79.76
1863,Viggars, Waldemar,wviggarsl6@newyorker.com,110.43.74.143
1864,Rogers, Kari,krogersl7@symantec.com,134.97.136.59
1865,Blaycock, Justus,jblaycockl8@tinypic.com,109.81.57.214
1866,Elfes, Beckie,belfesl9@webeden.co.uk,125.129.170.136
1867,Fairfoot, Lillis,lfairfootla@bbb.org,80.120.83.92
1868,Neeson, Ferrel,fneesonlb@simplemachines.org,106.129.61.3
1869,Gatheral, Aura,agatherallc@photobucket.com,78.96.104.241
1870,Jenton, Ketti,kjentonld@adobe.com,239.185.252.1
1871,Ewin, Mellicent,mewinle@npr.org,90.134.213.67
1873,Isaaksohn, Haze,hisaaksohnlg@jugem.jp,24.114.170.172
1874,Agirre, Phylys,pagirrelh@youtu.be,30.53.81.208
1875,Ambrosch, Mervin,mambroschli@fastcompany.com,138.7.33.100
1876,Uphill, Enrica,euphilllj@chicagotribune.com,124.18.193.216
1877,Dufer, Clywd,cduferlk@dyndns.org,18.105.200.110
1878,Duckers, Deedee,dduckersll@naver.com,81.193.157.140
1879,Kornilyev, Kimberlee,kkornilyevlm@fda.gov,145.149.185.254
1880,Ackerley, Willette,wackerleyln@dot.gov,238.254.45.181
1881,Gillard, Chelsie,cgillardlo@privacy.gov.au,5.122.21.123
1882,Biasio, Ardelia,abiasiolp@smh.com.au,69.191.114.185
1883,Phippard, Eldin,ephippardlq@vimeo.com,208.29.174.188
1885,Tomasini, Willie,wtomasinils@prnewswire.com,138.11.221.54
1886,Handlin, Rafa,rhandlinlt@ucoz.com,12.151.58.232
1887,Dwyr, Noellyn,ndwyrlu@wordpress.org,95.79.34.167
1888,Gadman, Tonie,tgadmanlv@prlog.org,0.182.151.157
1889,Luxon, Kimberly,kluxonlw@lycos.com,36.183.103.155
1891,Nayshe, Cly,cnayshely@vinaora.com,77.228.38.163
1893,Killingbeck, Tera,tkillingbeckm0@360.cn,58.228.175.227
1895,Mc Andrew, Brandice,bmcandrewm2@so-net.ne.jp,191.2.85.109
1897,Autie, Jermayne,jautiem4@tinyurl.com,212.34.6.197
1898,Phelp, Mara,mphelpm5@usatoday.com,62.105.235.58
1899,Eyam, Flora,feyamm6@weebly.com,82.151.208.22
1901,Dockray, Nerty,ndockraym8@shareasale.com,244.134.10.35
1903,Thon, Cob,cthonma@sina.com.cn,157.8.83.110
1904,Karlolczak, Aleda,akarlolczakmb@wisc.edu,83.130.238.40
1905,Sclanders, Sam,ssclandersmc@google.ru,248.90.23.84
1906,Billie, Sonny,sbilliemd@reuters.com,116.188.142.251
1907,Byron, Pepita,pbyronme@miitbeian.gov.cn,228.24.4.33
1909,Markie, Irv,imarkiemg@wordpress.com,184.64.55.11
1911,Muckleston, Nessy,nmucklestonmi@shutterfly.com,188.28.80.157
1912,Vince, Vevay,vvincemj@slate.com,71.209.78.67
1913,Fleming, Hagen,hflemingmk@1und1.de,194.110.151.134
1915,Ragate, Duffie,dragatemm@drupal.org,23.135.229.206
1917,Willeman, Mignon,mwillemanmo@cafepress.com,114.153.48.44
1918,Bamford, Monika,mbamfordmp@com.com,221.249.112.162
1919,Newlove, Justina,jnewlovemq@cbsnews.com,53.89.23.111
1921,Congreave, Eda,econgreavems@sun.com,59.131.124.200
1923,Dabinett, Lauri,ldabinettmu@oaic.gov.au,88.80.176.209
1925,Lucia, Tommie,tluciamw@eventbrite.com,77.245.50.177
1927,Lambersen, Mellicent,mlambersenmy@jigsy.com,177.156.21.18
1929,Dyble, Terri,tdyblen0@irs.gov,43.123.202.228
1931,Barbie, Nikki,nbarbien2@myspace.com,100.82.83.31
1932,MacKissack, Minette,mmackissackn3@twitter.com,0.165.245.16
1933,Marcum, Zeke,zmarcumn4@last.fm,185.155.93.156
1934,Tinker, Heddie,htinkern5@arstechnica.com,199.66.94.125
1935,Korous, Bernadine,bkorousn6@reference.com,140.2.30.113
1937,Hurich, Rabi,rhurichn8@unesco.org,122.83.200.121
1939,Coltart, Reidar,rcoltartna@csmonitor.com,6.138.250.95
1940,Woollons, Karlee,kwoollonsnb@skyrock.com,81.202.102.158
1941,Aldham, Cyrus,caldhamnc@trellian.com,89.5.42.191
1942,Kemitt, Nicolle,nkemittnd@360.cn,96.144.169.96
1943,Soro, Kiele,ksorone@homestead.com,2.227.174.251
1945,Knell, Ophelia,oknellng@list-manage.com,61.93.200.153
1946,Sieb, Cristiano,csiebnh@admin.ch,204.166.56.39
1947,Eye, Bonni,beyeni@desdev.cn,180.51.128.119
1949,Blacklock, Benni,bblacklocknk@rambler.ru,241.143.97.150
1950,Wanjek, Nicolea,nwanjeknl@skyrock.com,201.177.3.228
1951,Stanyland, Gayla,gstanylandnm@angelfire.com,143.199.143.199
1953,Garnam, Chaim,cgarnamno@ted.com,87.112.104.8
1955,Mattock, Ervin,emattocknq@amazon.co.jp,128.130.16.106
1957,Cristofolini, Matthaeus,mcristofolinins@uol.com.br,254.249.206.171
1959,Lambersen, Maye,mlambersennu@europa.eu,188.74.25.165
1961,Whiten, Isa,iwhitennw@bloglovin.com,83.179.66.157
1962,Sisland, Cecily,csislandnx@stanford.edu,183.150.193.11
1963,McMennum, Gussy,gmcmennumny@woothemes.com,157.89.31.25
1965,Rantoull, Ky,krantoullo0@chronoengine.com,203.236.239.8
1966,Yewman, Glenn,gyewmano1@europa.eu,91.212.137.136
1967,Faudrie, Ellie,efaudrieo2@twitpic.com,77.110.241.111
1968,Banbridge, Steffi,sbanbridgeo3@technorati.com,135.212.65.73
1969,Wanne, Dieter,dwanneo4@mtv.com,236.209.106.74
1971,Boyen, Nora,nboyeno6@dailymail.co.uk,161.203.204.252
1972,Gerhts, Lolita,lgerhtso7@chronoengine.com,127.157.163.213
1973,Bowmer, Chilton,cbowmero8@123-reg.co.uk,1.58.77.98
1974,Ikins, Andi,aikinso9@webs.com,168.74.64.245
1975,Cornell, Tymon,tcornelloa@digg.com,205.35.55.220
1977,Montez, Cyb,cmontezoc@tmall.com,68.123.177.228
1978,Nobriga, Abbi,anobrigaod@rediff.com,195.170.113.23
1979,Simmen, Mannie,msimmenoe@flickr.com,212.110.41.213
1981,Cavill, Melita,mcavillog@ocn.ne.jp,144.139.208.70
1982,Petticrew, Kikelia,kpetticrewoh@livejournal.com,244.82.25.127
1983,Myring, Tommie,tmyringoi@google.de,62.187.188.111
1984,Hunnicutt, Desiree,dhunnicuttoj@ameblo.jp,216.12.200.174
1985,Vasilchenko, Aindrea,avasilchenkook@hostgator.com,147.77.107.10
1986,Mucci, Athene,amucciol@wp.com,57.150.215.88
1987,Rupprecht, Emeline,erupprechtom@yahoo.co.jp,5.28.61.251
1989,Sijmons, Bradney,bsijmonsoo@dyndns.org,186.38.28.230
1990,Swabey, Rosalia,rswabeyop@goo.gl,147.84.234.188
1991,Fores, Jolynn,jforesoq@devhub.com,34.82.106.97
1993,Hrinishin, Jada,jhrinishinos@theglobeandmail.com,229.8.206.165
1995,Matteotti, Jessie,jmatteottiou@sbwire.com,12.155.66.195
1996,Capenor, Susana,scapenorov@cyberchimps.com,153.151.195.18
1997,Deetlefs, Peterus,pdeetlefsow@goo.ne.jp,158.124.214.158
1998,Lothlorien, Arnuad,alothlorienox@imgur.com,68.174.221.138
1999,Sadd, Jennee,jsaddoy@google.ca,56.12.172.246
2000,Trenear, Myrtle,mtrenearoz@apache.org,35.22.8.204
2001,Juza, Rochelle,rjuzap0@senate.gov,88.62.105.225
2002,Riccardini, Godiva,griccardinip1@howstuffworks.com,32.178.177.134
2003,Sitford, Dunstan,dsitfordp2@newyorker.com,1.53.13.201
2004,Canter, Lorelle,lcanterp3@google.nl,232.19.225.247
2005,Neeson, Luelle,lneesonp4@altervista.org,105.126.158.149
2006,Thalmann, Sally,sthalmannp5@yandex.ru,181.185.50.250
2007,Trewhella, Alfie,atrewhellap6@foxnews.com,209.184.29.201
2008,Mulhall, Adelina,amulhallp7@canalblog.com,200.127.35.60
2009,Ashbridge, Tamqrah,tashbridgep8@devhub.com,115.5.119.112
2011,Mc Giffin, Modesty,mmcgiffinpa@examiner.com,11.211.99.222
2012,Ommundsen, Kittie,kommundsenpb@weibo.com,159.184.222.248
2013,O'Toole, Pasquale,potoolepc@hud.gov,12.86.196.227
2015,McClean, Frederich,fmccleanpe@youtube.com,7.161.63.113
2016,Littlecote, Babs,blittlecotepf@mayoclinic.com,90.118.79.90
2017,Fihelly, Monika,mfihellypg@blogs.com,26.159.76.154
2018,Ollerhad, Enrichetta,eollerhadph@linkedin.com,2.110.23.196
2019,Baruch, Iosep,ibaruchpi@archive.org,173.20.249.49
2020,Ramirez, Alisun,aramirezpj@unesco.org,220.31.150.243
2021,Altimas, Shadow,saltimaspk@tumblr.com,67.122.73.54
2022,Reinhard, Clari,creinhardpl@examiner.com,143.15.89.236
2023,Pougher, Kirby,kpougherpm@gravatar.com,38.69.104.40
2024,Jados, Sula,sjadospn@cloudflare.com,233.83.172.33
2025,Trickey, Derick,dtrickeypo@multiply.com,59.67.171.37
2027,Rosa, Alice,arosapq@trellian.com,94.185.64.7
2028,Jablonski, Elnore,ejablonskipr@hp.com,231.196.135.222
2029,Unwins, Katina,kunwinsps@omniture.com,116.166.64.171
2030,Rigglesford, Jaquelin,jrigglesfordpt@sohu.com,242.250.115.197
2031,Maharry, Briggs,bmaharrypu@i2i.jp,235.215.248.181
2033,Dechelle, Traver,tdechellepw@vimeo.com,220.129.177.113
2035,de Cullip, Melantha,mdecullippy@mediafire.com,252.254.227.209
2037,Abernethy, Hobard,habernethyq0@infoseek.co.jp,218.219.3.42
2038,Gawn, Deloris,dgawnq1@xing.com,56.236.194.248
2039,Puve, Henderson,hpuveq2@shinystat.com,66.207.54.111
2040,Stanion, Camille,cstanionq3@amazon.com,236.215.93.57
2041,Murty, Aryn,amurtyq4@wiley.com,198.144.23.53
2042,Drescher, Clari,cdrescherq5@prlog.org,229.181.122.121
2043,Crummey, Whitney,wcrummeyq6@mail.ru,246.69.83.197
2044,Caves, Darla,dcavesq7@mac.com,252.26.187.139
2045,Kevern, Adrienne,akevernq8@edublogs.org,67.78.120.132
2047,Donnison, Lester,ldonnisonqa@youtu.be,187.15.27.205
2048,Rutley, Aurie,arutleyqb@google.com.hk,170.156.158.60
2049,Middlehurst, Jeanette,jmiddlehurstqc@wordpress.org,92.250.57.192
2050,Penn, Jeniece,jpennqd@liveinternet.ru,28.94.121.104
2051,Paydon, Neddy,npaydonqe@google.com,104.79.48.173
2053,Lownes, Jacqui,jlownesqg@wikispaces.com,36.167.95.103
2054,Stembridge, Siobhan,sstembridgeqh@g.co,51.20.76.69
2055,Harrowell, Oby,oharrowellqi@cargocollective.com,78.124.141.243
2056,Allington, Larisa,lallingtonqj@skype.com,45.56.148.17
2057,Manchett, Audre,amanchettqk@wp.com,247.186.219.183
2058,Calverd, Darcey,dcalverdql@reference.com,51.134.18.132
2059,Fesby, Sallyanne,sfesbyqm@youtu.be,222.147.22.115
2060,Bispo, Deeann,dbispoqn@qq.com,220.144.218.47
2061,Killock, Norrie,nkillockqo@go.com,255.68.3.255
2063,McKomb, Annaliese,amckombqq@weather.com,174.84.107.139
2065,Lamp, Priscella,plampqs@weebly.com,246.110.115.100
2067,Pressdee, Gloriana,gpressdeequ@wsj.com,98.57.78.17
2068,Warlaw, Farica,fwarlawqv@xing.com,70.147.16.154
2069,Rhoades, Livvy,lrhoadesqw@miibeian.gov.cn,4.124.233.233
2071,Seamans, Kass,kseamansqy@cnbc.com,111.12.199.156
2072,Aldam, Tim,taldamqz@noaa.gov,204.60.73.164
2073,Banaszczyk, Nalani,nbanaszczykr0@edublogs.org,217.76.122.148
2074,Ferras, Kimberli,kferrasr1@nps.gov,248.28.7.69
2075,Curness, Bernita,bcurnessr2@github.io,29.62.182.221
2076,Oganesian, Dorise,doganesianr3@fotki.com,169.191.52.30
2077,Ciccottini, Martyn,mciccottinir4@unc.edu,1.18.162.131
2078,Bewsy, Dona,dbewsyr5@php.net,171.156.95.19
2079,Laslett, Alexis,alaslettr6@un.org,39.236.138.8
2081,Brehaut, Pamela,pbrehautr8@jalbum.net,178.234.51.163
2082,Wombwell, Armand,awombwellr9@slideshare.net,56.31.231.209
2083,Frankish, Maryjo,mfrankishra@boston.com,88.203.176.92
2085,Jerschke, Mart,mjerschkerc@4shared.com,20.202.37.255
2086,Croke, Claude,ccrokerd@google.de,152.222.73.173
2087,Dudden, Hedwig,hduddenre@intel.com,176.128.246.222
2088,Mussington, Joana,jmussingtonrf@amazon.co.jp,43.102.177.56
2089,Roderighi, Briana,broderighirg@soup.io,204.185.242.81
2090,Littley, Ashil,alittleyrh@disqus.com,231.76.239.187
2091,Howford, Thorpe,thowfordri@sina.com.cn,202.96.32.233
2092,Scown, Emylee,escownrj@europa.eu,67.45.52.91
2093,I'anson, Wiley,wiansonrk@hao123.com,160.240.28.201
2095,Hyndley, Torey,thyndleyrm@phoca.cz,6.114.245.212
2096,Panchin, Joly,jpanchinrn@about.com,192.196.173.188
2097,Whymark, Merrielle,mwhymarkro@topsy.com,33.247.198.100
2098,Roantree, Shaylah,sroantreerp@jigsy.com,192.46.212.115
2099,Waliszek, Cayla,cwaliszekrq@theguardian.com,181.229.205.206
2100,Whyler, Raychel,rwhylerrr@instagram.com,235.151.89.142
