id,first_name,last_name,email,gender,ip_address
101,Barnabe,Genney,bgenney0@imageshack.us,Male,63.111.9.11
102,Sheilakathryn,Rulton,srulton1@ibm.com,Genderqueer,116.122.231.140
103,Joyan,Noice,jnoice2@unc.edu,Female,187.186.172.159
104,Karlen,Minichi,kminichi3@about.me,Female,187.155.236.72
105,Wilone,Stickels,wstickels4@newsvine.com,Female,93.70.169.204
106,Jermain,Pleasance,jpleasance5@de.vu,Male,179.227.17.84
107,Sidnee,Bentick,sbentick6@examiner.com,Male,0.227.49.238
108,Prescott,Simone,psimone7@mac.com,Male,135.76.215.76
109,Taber,Meeron,tmeeron8@barnesandnoble.com,Male,169.63.109.188
110,Denni,Birkbeck,dbirkbeck9@biglobe.ne.jp,Female,55.226.121.157
111,Florian,Creaser,fcreasera@so-net.ne.jp,Male,246.190.210.63
112,Randy,Seamans,rseamansb@privacy.gov.au,Male,120.183.121.64
113,Aldus,Cantua,acantuac@unc.edu,Male,236.71.24.210
114,Tadio,Olivi,tolivid@wufoo.com,Male,5.233.89.47
115,Kitty,Ravenhills,kravenhillse@studiopress.com,Female,226.168.161.58
116,Leila,Yarrall,lyarrallf@bandcamp.com,Female,209.79.138.115
117,Fanechka,Cristobal,fcristobalg@theatlantic.com,Female,99.50.11.24
118,Theodora,Rosso,trossoh@gov.uk,Female,61.57.179.49
119,Frants,Twigger,ftwiggeri@cam.ac.uk,Male,242.214.243.130
120,Rycca,Keohane,rkeohanej@themeforest.net,Female,33.84.185.248
121,Jeth,Speeks,jspeeksk@japanpost.jp,Male,159.118.236.232
122,Riane,Goodburn,rgoodburnl@opera.com,Female,34.250.244.237
123,Dell,Brownhall,dbrownhallm@wikimedia.org,Male,38.41.0.16
124,Jeno,Melding,jmeldingn@shareasale.com,Male,147.250.104.135
125,Viki,Aldersey,valderseyo@parallels.com,Female,159.129.73.118
126,Julie,d' Eye,jdeyep@w3.org,Male,213.166.222.240
127,Urson,Twidle,utwidleq@omniture.com,Male,221.39.93.121
128,Lanny,Lemanu,llemanur@ustream.tv,Female,50.80.13.76
129,Giffer,Riseborough,griseboroughs@gov.uk,Male,66.187.236.208
130,Wain,Hartzenberg,whartzenbergt@google.it,Male,98.166.161.95
131,Ambur,Cassley,acassleyu@irs.gov,Female,239.64.211.126
132,Clem,Gowenlock,cgowenlockv@mayoclinic.com,Female,247.42.5.221
133,Pauletta,Slay,pslayw@stanford.edu,Female,16.94.134.194
134,Melina,Pryce,mprycex@usnews.com,Female,208.171.224.122
135,Gun,Leddy,gleddyy@webeden.co.uk,Male,208.224.90.185
136,Verina,Maggiore,vmaggiorez@mysql.com,Female,64.202.212.69
137,Torre,Gabbatt,tgabbatt10@aboutads.info,Non-binary,102.143.93.42
138,Floyd,Le Blond,fleblond11@craigslist.org,Male,4.17.24.224
139,Fabien,Herity,fherity12@hugedomains.com,Male,17.217.55.10
140,Silvio,Dutch,sdutch13@ning.com,Genderqueer,50.68.189.77
141,Darline,Hartridge,dhartridge14@wordpress.org,Female,205.51.175.131
142,Yardley,Cowx,ycowx15@over-blog.com,Male,175.244.240.29
143,Sansone,Jirusek,sjirusek16@tripod.com,Male,74.228.16.236
144,Chase,Coaten,ccoaten17@opensource.org,Male,208.137.192.241
145,Gustavo,Doreward,gdoreward18@vinaora.com,Male,43.52.108.178
146,Kissie,D'Aeth,kdaeth19@homestead.com,Female,166.56.176.223
147,Shayne,McPaik,smcpaik1a@google.co.uk,Male,185.35.183.228
148,Hercule,Kintish,hkintish1b@bbb.org,Male,25.249.65.101
149,Sonny,McMinn,smcminn1c@hc360.com,Male,54.151.165.174
150,Nicolina,Daysh,ndaysh1d@fema.gov,Female,155.253.192.174
151,Rozelle,Whacket,rwhacket1e@delicious.com,Female,244.236.33.101
152,Rochella,Paffett,rpaffett1f@skype.com,Female,203.163.129.139
153,Katha,Digance,kdigance1g@eepurl.com,Female,6.113.40.70
154,Halimeda,Tomisch,htomisch1h@1688.com,Female,56.113.140.236
155,Clive,Charlesworth,ccharlesworth1i@adobe.com,Male,102.69.111.18
156,Roddy,Kofax,rkofax1j@mapquest.com,Male,73.152.20.126
157,Morgan,Schwerin,mschwerin1k@dell.com,Genderqueer,146.145.91.172
158,Dimitri,Cartmail,dcartmail1l@hao123.com,Male,157.242.163.72
159,Sheila-kathryn,Southworth,ssouthworth1m@pbs.org,Female,121.200.139.92
160,Tatum,Pugh,tpugh1n@nydailynews.com,Female,34.231.131.107
161,Kiley,Boeck,kboeck1o@chronoengine.com,Female,243.245.40.245
162,Lemmie,Lambregts,llambregts1p@tripadvisor.com,Male,205.148.109.226
163,Jolee,Heckney,jheckney1q@ocn.ne.jp,Female,49.127.73.3
164,Rea,O'Brogane,robrogane1r@ning.com,Female,177.185.162.108
165,Denny,Tallis,dtallis1s@nationalgeographic.com,Male,118.20.144.115
166,Lamont,Gilson,lgilson1t@marriott.com,Male,5.56.11.24
167,Babbette,Mustoo,bmustoo1u@cbc.ca,Female,96.153.186.82
168,Kyrstin,Berrie,kberrie1v@canalblog.com,Female,245.69.250.42
169,Hort,Ridd,hridd1w@patch.com,Male,217.243.41.9
170,Miguela,Harvatt,mharvatt1x@tripadvisor.com,Female,232.218.248.158
171,Selig,Biesinger,sbiesinger1y@engadget.com,Male,114.198.17.198
172,Lonny,Stevings,lstevings1z@ameblo.jp,Male,154.132.247.63
173,Berty,Goodboddy,bgoodboddy20@soundcloud.com,Male,254.133.156.120
174,Perry,Legate,plegate21@pcworld.com,Female,122.255.106.190
175,Hakim,Galletly,hgalletly22@businessweek.com,Male,119.0.247.144
176,Agustin,Reede,areede23@weibo.com,Male,82.78.131.67
177,Kendall,MacNamara,kmacnamara24@g.co,Male,225.124.104.98
178,Nelle,Dunkerley,ndunkerley25@shareasale.com,Female,139.66.157.96
179,Roze,Itscowics,ritscowics26@amazon.co.uk,Polygender,230.52.61.175
180,Willie,Badam,wbadam27@timesonline.co.uk,Male,114.207.8.133
181,Lucretia,Lowthorpe,llowthorpe28@npr.org,Female,29.235.150.135
182,Waylon,Whates,wwhates29@slate.com,Male,109.185.129.44
183,Laurie,Emeny,lemeny2a@dedecms.com,Genderfluid,187.198.120.17
184,Junette,Balling,jballing2b@virginia.edu,Female,147.87.76.154
185,Lyn,Eliet,leliet2c@weibo.com,Female,193.195.56.103
186,Abigale,Cartwight,acartwight2d@wufoo.com,Female,229.35.7.130
187,Pincas,Bromfield,pbromfield2e@ebay.co.uk,Male,216.234.199.104
188,Derward,Haestier,dhaestier2f@slashdot.org,Male,66.42.151.14
189,Ophelia,Applewhaite,oapplewhaite2g@theguardian.com,Female,110.231.55.149
190,Sashenka,Yaakov,syaakov2h@msn.com,Female,47.109.18.13
191,Trisha,Cinnamond,tcinnamond2i@columbia.edu,Genderqueer,160.250.95.46
192,Stanly,Syres,ssyres2j@umn.edu,Male,114.172.156.127
193,Martina,Grzegorek,mgrzegorek2k@wikispaces.com,Female,144.18.161.32
194,Stuart,Merfin,smerfin2l@weebly.com,Male,129.141.41.200
195,Baird,Mayhew,bmayhew2m@mashable.com,Male,158.90.79.21
196,Timoteo,Gentile,tgentile2n@squarespace.com,Bigender,254.128.87.28
197,Allianora,Steinson,asteinson2o@furl.net,Female,212.78.158.85
198,Roi,Hatherleigh,rhatherleigh2p@examiner.com,Polygender,85.105.132.243
199,Franklyn,Gleeton,fgleeton2q@tmall.com,Male,13.207.150.76
200,Irvine,Duplan,iduplan2r@businesswire.com,Male,122.200.32.176
201,Hadleigh,Bean,hbean2s@behance.net,Male,103.104.171.241
202,Jaymie,Gaydon,jgaydon2t@weibo.com,Male,75.195.17.136
203,Virge,Colin,vcolin2u@yelp.com,Male,196.111.3.122
204,Ariella,Andrzejczak,aandrzejczak2v@wisc.edu,Female,69.120.106.130
205,Clari,Oxenford,coxenford2w@clickbank.net,Female,53.158.46.81
206,Joellyn,Calliss,jcalliss2x@biblegateway.com,Female,253.136.74.232
207,Jasen,Brimley,jbrimley2y@youku.com,Male,24.148.106.31
208,Millisent,McCarry,mmccarry2z@oaic.gov.au,Female,57.173.236.250
209,Cosmo,Cochern,ccochern30@census.gov,Male,53.149.137.190
210,Othello,Channon,ochannon31@hao123.com,Male,39.113.45.236
211,Ruttger,Sheaf,rsheaf32@netvibes.com,Male,182.253.90.232
212,Orton,Brauninger,obrauninger33@wordpress.com,Male,163.34.153.217
213,Issy,Davidou,idavidou34@google.nl,Female,250.238.227.23
214,Marrilee,Roscher,mroscher35@cpanel.net,Female,7.97.129.29
215,Nikita,Roll,nroll36@scientificamerican.com,Male,45.127.108.223
216,Kessia,Niesing,kniesing37@princeton.edu,Genderqueer,86.191.149.38
217,Reade,Hall,rhall38@dagondesign.com,Male,92.89.213.221
218,Erika,Swine,eswine39@google.co.uk,Female,216.172.10.24
219,Cher,Aisthorpe,caisthorpe3a@nba.com,Polygender,179.49.14.191
220,Arnaldo,Hadcock,ahadcock3b@earthlink.net,Male,254.51.4.70
221,Nert,Sherred,nsherred3c@cocolog-nifty.com,Female,153.231.226.53
222,Hewe,Kenealy,hkenealy3d@reddit.com,Male,186.120.214.106
223,Keriann,Skea,kskea3e@toplist.cz,Female,191.230.59.231
224,Corby,Packwood,cpackwood3f@blogs.com,Male,139.233.20.60
225,Christan,Salasar,csalasar3g@jimdo.com,Female,189.119.19.71
226,Phaedra,Duckitt,pduckitt3h@house.gov,Female,128.26.62.209
227,Patsy,Macconachy,pmacconachy3i@blogspot.com,Male,12.144.5.197
228,Beauregard,Broader,bbroader3j@usgs.gov,Male,96.30.83.218
229,Meris,Boards,mboards3k@bizjournals.com,Female,151.159.8.245
230,Jillene,Andrea,jandrea3l@biblegateway.com,Polygender,31.3.145.128
231,Hali,Roycroft,hroycroft3m@blinklist.com,Female,45.27.126.197
232,Davy,McGilvra,dmcgilvra3n@businessinsider.com,Male,130.222.161.249
233,Jacky,Di Maggio,jdimaggio3o@addtoany.com,Female,246.144.97.166
234,Raeann,Jeratt,rjeratt3p@google.co.jp,Female,204.112.119.130
235,Gaven,Belison,gbelison3q@behance.net,Male,170.31.246.21
236,Arlee,Bosket,abosket3r@drupal.org,Female,85.186.37.43
237,Delmore,Twine,dtwine3s@adobe.com,Male,145.104.204.58
238,Ulrike,MacCollom,umaccollom3t@whitehouse.gov,Female,59.170.240.122
239,Nissy,Basillon,nbasillon3u@uiuc.edu,Female,110.123.141.2
240,Dulcine,Jaume,djaume3v@skype.com,Female,102.176.245.158
241,Kele,Rodie,krodie3w@baidu.com,Male,86.63.177.198
242,Reese,Kingshott,rkingshott3x@redcross.org,Male,227.171.89.202
243,Grady,Catling,gcatling3y@hostgator.com,Male,175.148.205.62
244,Giffy,Speere,gspeere3z@disqus.com,Male,19.33.174.57
245,Kev,Gratrix,kgratrix40@simplemachines.org,Male,242.55.151.111
246,Mada,Pitchford,mpitchford41@forbes.com,Female,100.28.243.165
247,Vikki,Goodrich,vgoodrich42@fc2.com,Female,222.100.220.222
248,Gisela,Foggarty,gfoggarty43@google.com.au,Female,81.119.47.238
249,Danette,Budget,dbudget44@dion.ne.jp,Female,159.231.1.46
250,Tye,Miklem,tmiklem45@homestead.com,Male,140.158.63.55
251,Eunice,Seago,eseago46@umn.edu,Female,35.114.223.196
252,Stephana,Dartan,sdartan47@yandex.ru,Female,35.208.99.227
253,Wendeline,Rainard,wrainard48@quantcast.com,Female,31.245.152.154
254,Berkeley,Harm,bharm49@bandcamp.com,Male,217.147.121.207
255,Markos,Janc,mjanc4a@ucsd.edu,Male,37.45.9.108
256,Clement,Cashell,ccashell4b@bigcartel.com,Male,189.246.110.114
257,Frederick,Bednell,fbednell4c@i2i.jp,Male,204.47.189.145
258,Elita,Schieferstein,eschieferstein4d@webeden.co.uk,Female,33.71.38.192
259,Jacinthe,Caghy,jcaghy4e@bloglines.com,Female,108.31.203.99
260,Terence,Barras,tbarras4f@reddit.com,Male,168.192.224.12
261,Marga,Wrey,mwrey4g@indiegogo.com,Female,158.175.77.144
262,Mil,Dymocke,mdymocke4h@mediafire.com,Female,160.134.177.61
263,Reinaldos,Cowwell,rcowwell4i@mac.com,Male,55.73.65.19
264,Roxane,Frick,rfrick4j@canalblog.com,Female,249.82.117.29
265,Tera,Crenshaw,tcrenshaw4k@naver.com,Genderfluid,196.219.9.19
266,Clevie,Anscombe,canscombe4l@gov.uk,Male,189.82.210.85
267,Tabb,Srawley,tsrawley4m@unc.edu,Male,197.241.41.63
268,Amy,Barkas,abarkas4n@youtu.be,Female,177.29.10.155
269,Constantine,Farney,cfarney4o@dailymotion.com,Male,94.20.103.101
270,Rory,Gotts,rgotts4p@blogspot.com,Female,7.218.139.194
271,Dru,Dominique,ddominique4q@xinhuanet.com,Female,245.204.157.151
272,Padraic,Sanday,psanday4r@howstuffworks.com,Male,32.19.124.93
273,Arlie,Leftly,aleftly4s@dropbox.com,Female,32.156.187.184
274,Alfy,Segebrecht,asegebrecht4t@list-manage.com,Male,106.4.164.175
275,Viviyan,Spratley,vspratley4u@accuweather.com,Female,18.245.22.163
276,Zacharia,Caccavale,zcaccavale4v@flickr.com,Male,9.216.138.38
277,Jessalyn,Bartomieu,jbartomieu4w@boston.com,Female,13.141.212.128
278,Jennee,Bulcroft,jbulcroft4x@washingtonpost.com,Female,173.108.3.75
279,Jesse,Abdee,jabdee4y@xing.com,Female,164.16.85.162
280,Sofie,Taile,staile4z@yolasite.com,Female,65.154.7.88
281,Levin,Varley,lvarley50@engadget.com,Male,226.172.6.15
282,Filbert,Calkin,fcalkin51@hp.com,Bigender,72.60.181.96
283,Vickie,Boyd,vboyd52@1und1.de,Female,116.68.165.247
284,Auberta,Demko,ademko53@deviantart.com,Female,121.55.152.242
285,Martguerita,Buggs,mbuggs54@reverbnation.com,Female,168.29.239.116
286,Vick,Curzon,vcurzon55@state.tx.us,Male,131.88.194.140
287,Dorette,Brekonridge,dbrekonridge56@cam.ac.uk,Female,103.164.15.194
288,Morton,Ragge,mragge57@nhs.uk,Male,65.233.205.162
289,Tate,Lacey,tlacey58@gmpg.org,Bigender,111.65.130.217
290,Rustin,Abells,rabells59@slate.com,Male,154.157.165.9
291,Di,Oakwood,doakwood5a@washington.edu,Female,236.228.69.237
292,Casey,Pentony,cpentony5b@4shared.com,Male,243.11.114.211
293,Tim,Westmacott,twestmacott5c@mashable.com,Female,247.25.94.57
294,Corinne,Paulich,cpaulich5d@live.com,Female,38.134.166.5
295,Ashleigh,Brodeur,abrodeur5e@buzzfeed.com,Polygender,33.252.193.186
296,Vince,Kauschke,vkauschke5f@boston.com,Male,65.144.157.231
297,Lee,Sunock,lsunock5g@aboutads.info,Female,238.191.152.52
298,Findlay,Dummigan,fdummigan5h@cmu.edu,Male,13.225.98.243
299,Gerianna,McMoyer,gmcmoyer5i@topsy.com,Polygender,56.77.65.227
300,Frants,Pirelli,fpirelli5j@cnet.com,Male,239.16.70.92
301,Isa,Marner,imarner5k@mediafire.com,Genderqueer,71.36.117.159
302,Aurlie,Ambrosini,aambrosini5l@techcrunch.com,Female,119.46.156.175
303,Melitta,Gingel,mgingel5m@angelfire.com,Female,210.188.241.46
304,Ericha,Toop,etoop5n@webs.com,Female,5.72.117.166
305,Winny,Tschirasche,wtschirasche5o@gov.uk,Male,102.34.243.145
306,Alfie,Tulip,atulip5p@indiegogo.com,Male,168.41.131.224
307,Tye,Tidbald,ttidbald5q@wsj.com,Male,111.79.69.115
308,Virgina,Petruskevich,vpetruskevich5r@usda.gov,Female,206.84.75.178
309,Erika,Baus,ebaus5s@nydailynews.com,Female,141.91.68.11
310,Lisle,Weinmann,lweinmann5t@ow.ly,Male,129.103.27.136
311,Becka,Cluley,bcluley5u@ihg.com,Female,24.75.221.46
312,Frayda,Casemore,fcasemore5v@ocn.ne.jp,Female,232.142.186.198
313,Sven,Nevet,snevet5w@pagesperso-orange.fr,Genderqueer,13.136.95.142
314,Ivar,Clowes,iclowes5x@github.com,Male,191.160.81.50
315,Annaliese,Reekie,areekie5y@salon.com,Female,98.41.224.93
316,Amerigo,Harmeston,aharmeston5z@liveinternet.ru,Male,102.153.113.239
317,Marybeth,Frankel,mfrankel60@constantcontact.com,Female,52.57.236.78
318,Gaven,Wittey,gwittey61@ocn.ne.jp,Male,87.66.4.118
319,Liza,Widdowes,lwiddowes62@constantcontact.com,Female,26.38.85.184
320,Anatol,Kidby,akidby63@slashdot.org,Male,87.200.108.197
321,Durward,Maclaine,dmaclaine64@whitehouse.gov,Male,0.23.185.196
322,Mamie,Evitt,mevitt65@dropbox.com,Female,106.56.121.241
323,Emlyn,O'Toole,eotoole66@behance.net,Male,130.101.88.144
324,Shayne,Murkin,smurkin67@hugedomains.com,Female,213.73.0.52
325,Leola,Ferronel,lferronel68@ovh.net,Female,216.117.1.88
326,Bethanne,Braidford,bbraidford69@chronoengine.com,Female,8.149.118.170
327,Aime,Pickston,apickston6a@mapy.cz,Female,120.113.53.221
328,Keenan,Paxforde,kpaxforde6b@gnu.org,Male,182.130.107.128
329,Vicky,Balnaves,vbalnaves6c@hostgator.com,Female,222.32.153.233
330,Kimberly,Bompass,kbompass6d@blogger.com,Female,53.44.123.149
331,Conney,Holywell,cholywell6e@vk.com,Male,230.194.236.13
332,Royal,Ryhorovich,rryhorovich6f@imgur.com,Male,226.32.18.163
333,Darcy,Torrisi,dtorrisi6g@alibaba.com,Female,246.249.172.153
334,Herve,Blesing,hblesing6h@biglobe.ne.jp,Male,28.231.74.91
335,Fritz,Manford,fmanford6i@mapquest.com,Male,241.228.114.209
336,Homere,Myderscough,hmyderscough6j@geocities.jp,Male,200.98.167.71
337,Jonie,Pickvance,jpickvance6k@artisteer.com,Female,15.8.0.254
338,Chrisse,Hegel,chegel6l@constantcontact.com,Male,51.27.109.154
339,Spence,Laird,slaird6m@storify.com,Male,226.236.225.20
340,Bernete,Tearle,btearle6n@cisco.com,Female,121.127.114.173
341,Kris,London,klondon6o@tmall.com,Genderfluid,137.137.132.0
342,Denis,Murie,dmurie6p@usgs.gov,Male,126.173.18.189
343,Nonna,Readitt,nreaditt6q@com.com,Female,187.123.223.105
344,Cristi,Abbati,cabbati6r@usda.gov,Female,143.105.179.207
345,Webb,Archley,warchley6s@livejournal.com,Male,81.200.114.131
346,Leland,Mackrill,lmackrill6t@prweb.com,Male,251.224.126.95
347,Rolph,Really,rreally6u@wufoo.com,Male,99.211.147.176
348,Jakob,Rapson,jrapson6v@booking.com,Male,129.6.125.242
349,Dunn,Tantrum,dtantrum6w@amazon.de,Male,31.157.118.198
350,Oren,Burthom,oburthom6x@wunderground.com,Male,5.177.227.202
351,Angelica,Mussared,amussared6y@geocities.jp,Female,250.242.41.165
352,Shelagh,Bonifas,sbonifas6z@harvard.edu,Female,242.69.117.210
353,Marchall,Bestar,mbestar70@skyrock.com,Male,219.241.54.105
354,Pattin,Grisewood,pgrisewood71@1und1.de,Male,215.214.174.230
355,Marita,Cosstick,mcosstick72@cdbaby.com,Female,86.198.91.242
356,Jade,Glasman,jglasman73@abc.net.au,Female,52.193.111.47
357,Cami,Sirmond,csirmond74@narod.ru,Female,232.43.230.108
358,Sim,Vedenyapin,svedenyapin75@si.edu,Male,193.204.48.76
359,Barby,Beadnell,bbeadnell76@biblegateway.com,Female,225.145.112.232
360,Arthur,Etherington,aetherington77@eventbrite.com,Male,120.234.200.162
361,Randene,Broxap,rbroxap78@guardian.co.uk,Female,83.203.133.15
362,Luca,O'Sheerin,losheerin79@whitehouse.gov,Male,89.225.91.114
363,Archambault,Firebrace,afirebrace7a@wikispaces.com,Male,9.43.68.62
364,Salomone,Harbord,sharbord7b@tiny.cc,Male,147.103.239.51
365,Ingeborg,Girton,igirton7c@go.com,Female,96.121.28.87
366,Modesty,Rosenblath,mrosenblath7d@npr.org,Female,80.41.192.172
367,Meriel,Wrightam,mwrightam7e@state.tx.us,Female,1.84.181.254
368,Demeter,Prior,dprior7f@tinyurl.com,Female,60.192.103.61
369,Gregor,Wrightham,gwrightham7g@blogtalkradio.com,Male,36.85.207.188
370,Jan,Fernely,jfernely7h@forbes.com,Male,59.132.73.95
371,Caron,Spada,cspada7i@flickr.com,Female,188.229.155.202
372,Christabel,Mowne,cmowne7j@blog.com,Female,131.215.49.192
373,Carling,Heathcote,cheathcote7k@phoca.cz,Male,145.127.16.33
374,Loy,Antic,lantic7l@behance.net,Male,93.8.165.193
375,Sergei,Bayldon,sbayldon7m@reverbnation.com,Male,62.158.134.251
376,Parrnell,Holme,pholme7n@ucoz.ru,Male,252.122.198.253
377,Vivian,Brookwell,vbrookwell7o@cpanel.net,Female,21.150.67.247
378,Brunhilde,Bloss,bbloss7p@ebay.com,Female,117.129.230.136
379,Heda,Nertney,hnertney7q@globo.com,Female,63.180.58.136
380,Cristal,Brettelle,cbrettelle7r@cnet.com,Female,94.173.248.126
381,Reese,Cranstoun,rcranstoun7s@state.gov,Male,74.230.70.34
382,Stephi,Waison,swaison7t@hc360.com,Female,15.39.176.16
383,Adi,McGauhy,amcgauhy7u@aol.com,Female,122.1.107.38
384,Brigida,Evelyn,bevelyn7v@odnoklassniki.ru,Female,75.199.72.208
385,Waldon,Bellinger,wbellinger7w@ehow.com,Male,77.122.143.0
386,Nicola,Loram,nloram7x@photobucket.com,Male,34.163.171.197
387,Madelle,Heazel,mheazel7y@blogs.com,Female,154.190.82.184
388,Natividad,Ingold,ningold7z@hhs.gov,Female,135.102.114.97
389,Caressa,Banaszczyk,cbanaszczyk80@webmd.com,Female,215.218.59.59
390,Carroll,Blumsom,cblumsom81@live.com,Female,70.68.13.60
391,Estel,Pidgen,epidgen82@uiuc.edu,Female,170.252.194.91
392,Marian,Spark,mspark83@theguardian.com,Genderfluid,191.188.245.186
393,Rochester,Sowrah,rsowrah84@drupal.org,Male,4.46.211.254
394,Collie,Whyke,cwhyke85@cargocollective.com,Female,60.40.132.30
395,Skipper,Anthes,santhes86@goodreads.com,Male,225.165.51.190
396,Gill,Lideard,glideard87@google.nl,Male,227.107.158.32
397,Babara,Jorissen,bjorissen88@google.ru,Female,246.8.103.77
398,Melisenda,Heinish,mheinish89@yahoo.com,Female,222.184.6.96
399,Hughie,Keefe,hkeefe8a@mac.com,Male,136.205.205.124
400,Grissel,French,gfrench8b@51.la,Female,164.212.165.160
401,Jorry,Domegan,jdomegan8c@gmpg.org,Female,27.87.44.79
402,Rodolph,Pauletto,rpauletto8d@symantec.com,Male,233.29.87.170
403,Channa,Order,corder8e@sitemeter.com,Female,121.146.61.102
404,Obediah,Gilling,ogilling8f@facebook.com,Male,215.205.223.202
405,Mame,Covill,mcovill8g@comsenz.com,Female,59.255.201.211
406,Sabine,Ferre,sferre8h@smh.com.au,Female,195.215.69.77
407,Vina,Orviss,vorviss8i@a8.net,Female,133.23.92.12
408,Barnaby,Littley,blittley8j@photobucket.com,Male,18.101.99.123
409,Carine,Brayson,cbrayson8k@prlog.org,Female,83.231.102.189
410,Flory,Copner,fcopner8l@reddit.com,Female,98.200.246.189
411,Kaiser,Abramov,kabramov8m@disqus.com,Male,54.202.165.139
412,Rancell,Yoslowitz,ryoslowitz8n@oracle.com,Male,120.161.53.252
413,Cathy,Jeandon,cjeandon8o@eepurl.com,Female,104.149.154.196
414,Locke,Udie,ludie8p@phpbb.com,Male,217.152.52.121
415,Dalton,McIsaac,dmcisaac8q@hugedomains.com,Polygender,4.140.90.33
416,Obediah,Nisen,onisen8r@google.ru,Male,79.74.33.116
417,Currey,Grange,cgrange8s@who.int,Male,78.131.228.136
418,Mollie,Pasek,mpasek8t@ifeng.com,Female,162.99.109.248
419,Henryetta,Gammill,hgammill8u@surveymonkey.com,Female,9.67.214.226
420,Ned,Fontin,nfontin8v@bluehost.com,Male,162.99.238.227
421,Pepillo,Scarrisbrick,pscarrisbrick8w@soup.io,Male,36.170.107.211
422,Melisse,Romer,mromer8x@wisc.edu,Female,206.181.139.168
423,Jacky,Halworth,jhalworth8y@ning.com,Female,126.110.166.158
424,Agathe,Fosberry,afosberry8z@youku.com,Female,185.87.90.6
425,Rafaela,Sewter,rsewter90@hatena.ne.jp,Female,77.105.207.205
426,Celestina,Poulett,cpoulett91@gnu.org,Female,223.18.215.138
427,Ryun,Igoe,rigoe92@vkontakte.ru,Male,8.78.153.110
428,Tiffani,Schultz,tschultz93@tinyurl.com,Female,72.31.83.110
429,Stinky,MacNeachtain,smacneachtain94@desdev.cn,Male,60.40.23.13
430,Arlan,Berling,aberling95@businessinsider.com,Male,145.223.32.142
431,Corine,Spadazzi,cspadazzi96@merriam-webster.com,Female,220.177.215.86
432,Brigida,Earry,bearry97@multiply.com,Female,174.104.102.131
433,Oren,Kilbourne,okilbourne98@irs.gov,Male,137.107.200.167
434,Terrie,Josskovitz,tjosskovitz99@51.la,Female,35.210.163.180
435,Yorker,Weedenburg,yweedenburg9a@storify.com,Non-binary,236.168.117.175
436,Sharline,Paulsen,spaulsen9b@mtv.com,Female,109.154.171.130
437,Kelsey,Dedrick,kdedrick9c@ebay.com,Female,14.66.253.60
438,Lenci,Hayhoe,lhayhoe9d@yellowbook.com,Male,93.239.171.237
439,Seana,Fackney,sfackney9e@smugmug.com,Female,166.185.34.38
440,Pearce,Lutton,plutton9f@free.fr,Male,104.254.91.107
441,Reuben,Doumerc,rdoumerc9g@naver.com,Male,102.147.86.56
442,Neil,Riall,nriall9h@printfriendly.com,Male,63.87.67.136
443,Dyann,Kilner,dkilner9i@census.gov,Female,86.33.122.121
444,Ransell,Fenny,rfenny9j@wp.com,Male,88.14.76.236
445,Marti,Marages,mmarages9k@diigo.com,Female,71.100.222.116
446,Brigg,Vant,bvant9l@liveinternet.ru,Male,79.180.150.149
447,Laura,Predohl,lpredohl9m@rakuten.co.jp,Female,218.32.192.232
448,Kenneth,Butfield,kbutfield9n@skype.com,Male,72.235.73.178
449,Angelo,Stride,astride9o@wunderground.com,Male,24.108.54.84
450,Henderson,Diano,hdiano9p@yolasite.com,Male,134.177.33.112
451,Pancho,Keasley,pkeasley9q@earthlink.net,Male,20.93.110.12
452,Kylynn,De Roberto,kderoberto9r@tripadvisor.com,Female,16.220.49.178
453,Shandy,Persian,spersian9s@unicef.org,Female,166.227.62.129
454,Laraine,Radborne,lradborne9t@homestead.com,Female,93.235.228.161
455,Sumner,Paumier,spaumier9u@statcounter.com,Male,102.203.188.179
456,Dallas,MacAdam,dmacadam9v@miibeian.gov.cn,Male,202.112.114.173
457,Jamison,Meneely,jmeneely9w@altervista.org,Male,55.49.217.130
458,Maren,Vater,mvater9x@google.com.hk,Female,219.15.36.233
459,Rudolph,Bird,rbird9y@utexas.edu,Male,143.197.225.181
460,Harriett,Sturley,hsturley9z@posterous.com,Female,23.223.62.106
461,Theodosia,Krink,tkrinka0@nbcnews.com,Female,92.192.134.146
462,Isak,Lawty,ilawtya1@pbs.org,Male,141.123.2.234
463,Marven,Guilayn,mguilayna2@sun.com,Male,84.43.125.221
464,Antonia,Crack,acracka3@army.mil,Female,81.135.106.128
465,Tilda,Wincer,twincera4@feedburner.com,Female,102.173.169.207
466,Raul,McLorinan,rmclorinana5@bing.com,Male,240.157.170.74
467,Joycelin,Alvey,jalveya6@dot.gov,Female,0.127.136.244
468,Lemar,Officer,lofficera7@a8.net,Male,142.235.84.207
469,Meriel,Talmadge,mtalmadgea8@g.co,Female,37.193.208.243
470,Hunter,Dufoure,hdufourea9@un.org,Male,31.33.46.154
471,Estele,Bootyman,ebootymanaa@discuz.net,Female,11.148.21.98
472,Garnet,Still,gstillab@prweb.com,Female,136.36.191.178
473,Ilka,Giblett,igiblettac@google.com.au,Female,59.197.184.159
474,Rufe,Penlington,rpenlingtonad@reddit.com,Male,96.96.43.148
475,Denys,Lanfranchi,dlanfranchiae@prweb.com,Female,206.170.157.163
476,Shana,Benning,sbenningaf@usda.gov,Female,42.252.94.159
477,Cari,Harrowell,charrowellag@tripadvisor.com,Female,208.204.47.37
478,Terrence,Orteu,torteuah@census.gov,Male,230.215.152.250
479,Nona,Mealiffe,nmealiffeai@psu.edu,Female,66.96.183.47
480,Niki,Winterscale,nwinterscaleaj@t-online.de,Male,30.191.56.139
481,Winnah,Skylett,wskylettak@google.com.hk,Female,224.18.165.174
482,Eulalie,Lehrmann,elehrmannal@go.com,Female,245.251.30.3
483,Irita,Stockall,istockallam@zimbio.com,Female,177.212.48.186
484,Leoline,Joseph,ljosephan@eepurl.com,Female,40.40.118.214
485,Marcille,Matiewe,mmatieweao@senate.gov,Female,162.204.58.153
486,Tracie,O'Heaney,toheaneyap@adobe.com,Male,25.156.254.248
487,Cecil,Isac,cisacaq@mayoclinic.com,Male,51.14.59.218
488,Micheline,Mault,mmaultar@meetup.com,Female,126.177.34.173
489,Jenifer,Roubert,jroubertas@state.gov,Female,60.100.37.252
490,Reilly,Butland,rbutlandat@uiuc.edu,Male,235.236.181.246
491,Spense,Andrew,sandrewau@who.int,Non-binary,221.134.125.74
492,Hyatt,Monsey,hmonseyav@quantcast.com,Male,94.140.36.7
493,Clareta,Kment,ckmentaw@arstechnica.com,Female,236.124.179.163
494,Daniela,Wogden,dwogdenax@gov.uk,Female,227.175.53.12
495,Lita,Kalinsky,lkalinskyay@usa.gov,Female,53.188.192.30
496,Sher,Cranham,scranhamaz@ustream.tv,Female,216.93.159.78
497,Hyacinthia,Sherringham,hsherringhamb0@reuters.com,Female,3.113.79.80
498,Rafe,Cockson,rcocksonb1@examiner.com,Male,156.132.152.138
499,Lanette,Cecere,lcecereb2@cbslocal.com,Female,19.239.140.21
500,Griff,Haken,ghakenb3@ow.ly,Male,94.134.60.185
501,Alexandros,Gershom,agershomb4@tiny.cc,Male,16.213.28.124
502,Lev,Percifer,lperciferb5@virginia.edu,Male,244.52.85.167
503,Ruby,Wragg,rwraggb6@toplist.cz,Polygender,208.149.157.82
504,Gregory,Kyle,gkyleb7@feedburner.com,Male,148.75.23.162
505,Giulio,Moth,gmothb8@nbcnews.com,Genderfluid,84.59.5.87
506,Ulysses,McPeck,umcpeckb9@usgs.gov,Male,158.197.150.57
507,Lisabeth,Cranston,lcranstonba@fastcompany.com,Female,244.138.181.92
508,Hyacintha,Brouncker,hbrounckerbb@facebook.com,Female,182.76.39.69
509,Patin,Gilliland,pgillilandbc@biglobe.ne.jp,Male,160.119.188.108
510,Sophia,Carless,scarlessbd@wordpress.com,Female,6.104.152.58
511,Finlay,Gorusso,fgorussobe@seesaa.net,Male,110.235.73.161
512,Charita,Radeliffe,cradeliffebf@so-net.ne.jp,Female,46.104.140.146
513,Goldie,Tamas,gtamasbg@cnbc.com,Female,140.21.183.200
514,Raynard,Service,rservicebh@illinois.edu,Male,39.117.39.200
515,Anna-maria,MacCostye,amaccostyebi@wordpress.org,Female,97.36.199.110
516,Jard,Sargeaunt,jsargeauntbj@fotki.com,Male,90.250.46.31
517,Zsazsa,Rimmington,zrimmingtonbk@samsung.com,Female,11.214.143.238
518,Dara,Guyan,dguyanbl@desdev.cn,Female,159.202.92.23
519,Emerson,Bawme,ebawmebm@apple.com,Male,132.157.215.51
520,Audrye,Darkin,adarkinbn@tinyurl.com,Female,169.169.124.157
521,Joya,Krause,jkrausebo@gov.uk,Female,120.103.70.197
522,Lotta,Pelos,lpelosbp@cafepress.com,Female,49.231.162.223
523,Julee,Giampietro,jgiampietrobq@infoseek.co.jp,Female,208.70.100.213
524,Hodge,McGreary,hmcgrearybr@mayoclinic.com,Male,177.141.107.172
525,Joelynn,Guyonneau,jguyonneaubs@cmu.edu,Female,109.0.235.83
526,Derry,Reichelt,dreicheltbt@surveymonkey.com,Agender,38.99.135.27
527,Laura,Trenfield,ltrenfieldbu@vk.com,Female,12.252.132.240
528,Udell,Feyer,ufeyerbv@cbc.ca,Male,12.135.82.17
529,Reed,Birbeck,rbirbeckbw@miitbeian.gov.cn,Male,80.104.148.242
530,Sibeal,Spurr,sspurrbx@google.it,Female,76.218.236.35
531,Deena,Poyzer,dpoyzerby@ycombinator.com,Female,28.9.30.107
532,Helyn,Raoult,hraoultbz@phoca.cz,Female,227.23.120.198
533,Mina,Vinson,mvinsonc0@cpanel.net,Female,194.96.43.147
534,Malchy,Christensen,mchristensenc1@salon.com,Male,147.50.233.34
535,Grady,Hauck,ghauckc2@irs.gov,Male,109.206.177.75
536,Hubert,Ivancevic,hivancevicc3@twitter.com,Male,123.63.97.218
537,Ezra,Flukes,eflukesc4@woothemes.com,Male,114.111.52.98
538,Hildagard,Mityushin,hmityushinc5@joomla.org,Female,98.23.70.28
539,Estrella,Dubock,edubockc6@senate.gov,Female,230.72.178.78
540,Kristel,Colrein,kcolreinc7@etsy.com,Female,250.214.117.199
541,Innis,Peris,iperisc8@elegantthemes.com,Male,145.63.1.151
542,Marcus,Batchelar,mbatchelarc9@desdev.cn,Male,61.205.117.74
543,Lauri,Sim,lsimca@aol.com,Female,30.45.208.222
544,Orsa,Byass,obyasscb@phpbb.com,Female,36.133.74.228
545,Titos,June,tjunecc@merriam-webster.com,Male,204.80.145.48
546,Dmitri,Daulton,ddaultoncd@free.fr,Male,81.55.198.67
547,Nari,Dowson,ndowsonce@ovh.net,Female,113.22.155.163
548,Nina,Likely,nlikelycf@people.com.cn,Bigender,159.236.155.149
549,Giovanna,Overthrow,goverthrowcg@wunderground.com,Female,90.136.178.59
550,Adolphus,Gingold,agingoldch@tmall.com,Male,3.201.110.198
551,Chauncey,Tampen,ctampenci@go.com,Male,221.172.78.216
552,Haleigh,Toye,htoyecj@irs.gov,Male,255.232.124.109
553,Zulema,Whorton,zwhortonck@adobe.com,Female,142.204.49.108
554,Amelie,Stickney,astickneycl@reference.com,Female,114.224.88.146
555,Cristionna,Mongan,cmongancm@google.de,Female,207.235.254.55
556,Cart,Hardisty,chardistycn@admin.ch,Male,134.145.113.149
557,Roger,Reuther,rreutherco@cocolog-nifty.com,Male,77.232.140.133
558,Kermie,Eidelman,keidelmancp@bbb.org,Male,148.67.170.205
559,George,Buckhurst,gbuckhurstcq@vk.com,Female,190.97.19.103
560,Selina,Castellet,scastelletcr@com.com,Genderqueer,97.227.91.160
561,Tedman,Rattenberie,trattenberiecs@sciencedaily.com,Male,20.180.81.122
562,Marijn,Legerton,mlegertonct@merriam-webster.com,Male,162.50.220.133
563,Filide,Carrier,fcarriercu@timesonline.co.uk,Female,223.83.18.237
564,Rebecka,Bowkett,rbowkettcv@edublogs.org,Female,188.108.208.30
565,Glendon,Garner,ggarnercw@xing.com,Male,200.135.146.167
566,Scottie,Shadfourth,sshadfourthcx@geocities.com,Male,57.27.204.82
567,Demetrius,Knibb,dknibbcy@artisteer.com,Polygender,32.184.90.109
568,Rafaellle,Rowson,rrowsoncz@bandcamp.com,Male,230.7.160.97
569,Izaak,Penritt,ipenrittd0@nymag.com,Agender,131.147.190.154
570,Travus,Bastistini,tbastistinid1@earthlink.net,Polygender,41.111.95.73
571,Rochelle,Lennie,rlennied2@utexas.edu,Female,197.102.55.243
572,Anna-maria,Harpin,aharpind3@opera.com,Genderfluid,136.181.126.35
573,Blanche,Soame,bsoamed4@nature.com,Female,87.133.44.79
574,Dulsea,Tomaszkiewicz,dtomaszkiewiczd5@slate.com,Female,69.61.56.103
575,Neil,Ortsmann,nortsmannd6@microsoft.com,Male,213.159.106.123
576,Tris,Sonner,tsonnerd7@boston.com,Male,149.222.30.155
577,Harriot,McQuarter,hmcquarterd8@edublogs.org,Female,49.35.45.143
578,Timothy,Weeden,tweedend9@upenn.edu,Male,85.244.216.210
579,Dalton,Fereday,dferedayda@surveymonkey.com,Male,199.251.67.64
580,Yardley,Aupol,yaupoldb@gizmodo.com,Male,250.120.128.255
581,Danika,Adaway,dadawaydc@joomla.org,Female,40.156.80.126
582,Cornall,Reichert,creichertdd@microsoft.com,Male,148.125.249.43
583,Rutledge,Furzey,rfurzeyde@ted.com,Male,70.178.9.2
584,Joanie,Klassmann,jklassmanndf@illinois.edu,Female,164.97.150.176
585,Kenny,Hellicar,khellicardg@meetup.com,Male,165.223.17.120
586,Zed,Dorset,zdorsetdh@globo.com,Male,231.105.179.72
587,Bibbye,McPhilemy,bmcphilemydi@yellowpages.com,Female,224.55.47.207
588,Carolee,Hunnicutt,chunnicuttdj@a8.net,Female,207.167.140.170
589,Amye,Gravenor,agravenordk@wikimedia.org,Female,42.123.174.140
590,Miranda,Gabriel,mgabrieldl@nature.com,Female,11.170.63.152
591,Lorne,Thoday,lthodaydm@answers.com,Female,123.144.122.233
592,Cristian,Bowlands,cbowlandsdn@php.net,Agender,242.158.237.122
593,Brianna,Smedmoor,bsmedmoordo@biblegateway.com,Female,85.162.15.207
594,Clive,Bend,cbenddp@go.com,Male,196.134.63.209
595,Sanson,Gerty,sgertydq@psu.edu,Male,7.113.84.183
596,Maddie,Klagges,mklaggesdr@amazon.co.uk,Female,86.249.108.116
597,Trefor,Greensitt,tgreensittds@npr.org,Male,62.228.69.247
598,Noelyn,Kitcat,nkitcatdt@wikispaces.com,Female,252.51.250.150
599,Carrol,Conrad,cconraddu@elegantthemes.com,Male,107.2.218.239
600,Pate,Abel,pabeldv@mlb.com,Male,66.67.130.87
601,Paolo,Schuster,pschusterdw@nyu.edu,Male,5.47.25.123
602,Cleo,Tipper,ctipperdx@free.fr,Female,43.13.178.103
603,Herby,Gason,hgasondy@elpais.com,Male,241.238.58.245
604,Nevil,Oxton,noxtondz@quantcast.com,Male,142.169.17.34
605,Herve,Leathers,hleatherse0@ameblo.jp,Male,221.150.40.194
606,Salome,Kinker,skinkere1@jalbum.net,Female,156.230.59.151
607,Johanna,Cunniffe,jcunniffee2@wikipedia.org,Female,178.168.221.229
608,Johan,Lucius,jluciuse3@noaa.gov,Male,37.13.220.58
609,Lennie,Ralestone,lralestonee4@51.la,Male,246.37.143.182
610,Ellwood,Farnfield,efarnfielde5@opera.com,Male,15.151.46.25
611,Christiane,Bonellie,cbonelliee6@dot.gov,Female,55.35.87.170
612,Rodolphe,Gowthrop,rgowthrope7@theatlantic.com,Male,62.143.51.255
613,Yul,McKeating,ymckeatinge8@economist.com,Genderfluid,23.154.11.236
614,Petr,Simnett,psimnette9@amazon.co.uk,Male,115.10.244.37
615,Chas,Aven,cavenea@noaa.gov,Male,128.96.19.71
616,Seymour,Duro,sduroeb@narod.ru,Male,75.193.8.3
617,Stefan,Stuckford,sstuckfordec@utexas.edu,Male,35.91.202.115
618,Warren,Kauschke,wkauschkeed@yale.edu,Male,85.194.223.24
619,Winny,Joskowitz,wjoskowitzee@ftc.gov,Male,47.83.174.139
620,Gaile,de Almeida,gdealmeidaef@cbslocal.com,Male,147.23.20.202
621,Waite,Hammel,whammeleg@webnode.com,Male,232.216.2.140
622,Leona,Byrd,lbyrdeh@blogs.com,Female,67.67.74.154
623,Charisse,Isles,cislesei@arizona.edu,Female,119.156.192.1
624,Ely,Gudahy,egudahyej@discovery.com,Male,184.96.178.188
625,Jereme,Wishkar,jwishkarek@craigslist.org,Male,185.151.60.140
626,Bennie,Jamrowicz,bjamrowiczel@google.co.uk,Male,103.54.149.175
627,Barri,Amber,bamberem@telegraph.co.uk,Male,165.163.123.249
628,Leona,Weekley,lweekleyen@jigsy.com,Female,99.34.190.215
629,Cecilio,Keppin,ckeppineo@ehow.com,Male,17.112.7.40
630,Sanford,Ludlom,sludlomep@cnn.com,Male,10.185.104.232
631,Cordell,Breazeall,cbreazealleq@chron.com,Male,131.119.203.19
632,Gabriele,MacNeil,gmacneiler@cmu.edu,Male,40.149.33.237
633,Irvine,Horche,ihorchees@godaddy.com,Male,14.130.138.40
634,Zara,Markus,zmarkuset@upenn.edu,Female,62.81.103.205
635,Shannan,Rentoll,srentolleu@wikimedia.org,Bigender,138.96.148.244
636,Stinky,Moubray,smoubrayev@amazon.de,Male,254.169.57.232
637,Ana,Ellesmere,aellesmereew@google.com.hk,Female,0.164.59.222
638,Mimi,Inwood,minwoodex@wikia.com,Female,30.116.16.175
639,Stanly,Sheffield,ssheffieldey@mapquest.com,Male,41.40.14.221
640,Cozmo,Matthai,cmatthaiez@bravesites.com,Male,242.21.41.80
641,Barn,Pardon,bpardonf0@sciencedaily.com,Male,180.213.182.121
642,Dannel,Fennelow,dfennelowf1@apache.org,Male,119.171.84.195
643,Kathlin,Pothecary,kpothecaryf2@weibo.com,Female,155.179.175.173
644,Cazzie,Aronow,caronowf3@google.de,Male,118.192.42.96
645,Tiebold,Dyett,tdyettf4@topsy.com,Male,222.57.33.239
646,Page,Taplin,ptaplinf5@nifty.com,Male,30.193.123.177
647,Earvin,Gutans,egutansf6@tumblr.com,Male,107.184.111.93
648,Jada,Philipp,jphilippf7@cbsnews.com,Female,213.27.30.42
649,Chickie,Herreros,cherrerosf8@latimes.com,Female,122.94.187.30
650,Randi,MacCaughey,rmaccaugheyf9@tumblr.com,Male,136.150.86.223
651,Violette,Ornells,vornellsfa@cargocollective.com,Female,223.120.63.234
652,Theda,Linnitt,tlinnittfb@tripadvisor.com,Female,8.99.230.10
653,Van,Coatsworth,vcoatsworthfc@howstuffworks.com,Polygender,130.45.59.150
654,Cheri,Judkins,cjudkinsfd@sogou.com,Female,204.41.219.197
655,Ange,Pikett,apikettfe@whitehouse.gov,Male,77.49.210.43
656,Linda,Quickenden,lquickendenff@ucoz.com,Female,199.80.107.255
657,Marianne,De Cruz,mdecruzfg@1und1.de,Non-binary,23.14.165.95
658,Perla,Weighell,pweighellfh@apache.org,Female,33.179.134.98
659,Marnia,Bruniges,mbrunigesfi@mit.edu,Female,72.185.203.234
660,Annmaria,Bayles,abaylesfj@businessinsider.com,Female,142.248.163.223
661,Nico,Vinker,nvinkerfk@icio.us,Male,90.87.152.0
662,Kessia,Ashbridge,kashbridgefl@jalbum.net,Female,221.179.5.254
663,Athena,Krolak,akrolakfm@icio.us,Female,40.29.40.246
664,Cordula,Furlonge,cfurlongefn@bbc.co.uk,Female,97.179.230.217
665,Eudora,Leng,elengfo@examiner.com,Female,95.161.129.193
666,Erminia,Gooddy,egooddyfp@businesswire.com,Female,106.49.73.196
667,Otto,Stitcher,ostitcherfq@marriott.com,Male,124.184.68.213
668,Ottilie,Jirousek,ojirousekfr@dot.gov,Female,16.136.139.48
669,Bryan,Vogeller,bvogellerfs@ezinearticles.com,Male,95.252.206.104
670,Janie,Peschet,jpeschetft@jalbum.net,Agender,44.163.226.187
671,Alexandro,Deniskevich,adeniskevichfu@github.io,Male,156.199.28.83
672,Meriel,Burniston,mburnistonfv@posterous.com,Female,8.239.237.179
673,Leslie,Oluwatoyin,loluwatoyinfw@slideshare.net,Male,174.242.135.55
674,Emmalee,Ryrie,eryriefx@squarespace.com,Female,248.129.245.216
675,Sean,Boreland,sborelandfy@webeden.co.uk,Non-binary,46.147.136.119
676,Masha,Beautyman,mbeautymanfz@samsung.com,Female,6.73.210.38
677,Langston,Guillain,lguillaing0@quantcast.com,Agender,51.193.244.148
678,Tully,Folliss,tfollissg1@blogtalkradio.com,Male,80.126.85.74
679,Perrine,Le Monnier,plemonnierg2@dyndns.org,Female,75.13.168.40
680,Thane,Girsch,tgirschg3@constantcontact.com,Male,123.204.193.93
681,Agace,Sherwyn,asherwyng4@netscape.com,Female,170.172.222.100
682,Florina,Alans,falansg5@deviantart.com,Female,69.154.210.150
683,Marquita,Fright,mfrightg6@bing.com,Agender,110.99.218.40
684,Aristotle,Winfield,awinfieldg7@arizona.edu,Male,78.175.179.143
685,Torre,Treven,ttreveng8@macromedia.com,Male,18.236.49.16
686,Tania,Freshwater,tfreshwaterg9@furl.net,Female,193.206.35.254
687,Mikaela,Codman,mcodmanga@blogger.com,Female,107.5.0.157
688,Bryn,Grocutt,bgrocuttgb@forbes.com,Male,165.215.62.29
689,Shel,Wishkar,swishkargc@macromedia.com,Female,16.152.107.250
690,Aldridge,Kall,akallgd@ox.ac.uk,Genderqueer,56.35.48.112
691,Laurie,Reyner,lreynerge@moonfruit.com,Male,151.175.107.110
692,Etti,Ramet,erametgf@acquirethisname.com,Female,210.207.104.36
693,Jocelyne,Gobel,jgobelgg@archive.org,Female,148.145.73.30
694,Vernor,Mallabar,vmallabargh@php.net,Non-binary,24.10.157.12
695,Gabie,Hain,ghaingi@github.com,Male,129.254.123.150
696,Sherilyn,Farrear,sfarreargj@myspace.com,Female,188.193.233.155
697,Ulrick,Schukert,uschukertgk@csmonitor.com,Male,249.215.140.17
698,Seward,Glassup,sglassupgl@people.com.cn,Male,195.135.3.139
699,Corie,Verdey,cverdeygm@ox.ac.uk,Female,149.173.79.199
700,Arlen,Legging,alegginggn@hao123.com,Female,129.240.49.52
701,Roland,Fouracre,rfouracrego@examiner.com,Male,27.7.15.193
702,Charlean,Lumox,clumoxgp@hp.com,Female,51.41.139.209
703,Allyn,Palfreyman,apalfreymangq@wufoo.com,Female,200.205.152.185
704,Trescha,Gwyer,tgwyergr@edublogs.org,Female,150.181.60.0
705,Russell,Barock,rbarockgs@tumblr.com,Male,119.222.191.26
706,Aida,Seavers,aseaversgt@godaddy.com,Polygender,164.34.88.69
707,Brenna,Radki,bradkigu@hatena.ne.jp,Female,248.6.192.81
708,Timi,Ellwood,tellwoodgv@chron.com,Female,114.35.56.129
709,Harwilll,Coggill,hcoggillgw@umn.edu,Male,237.213.102.82
710,Brinn,Zannolli,bzannolligx@eepurl.com,Female,185.251.184.28
711,Hyacinth,Sudron,hsudrongy@is.gd,Female,60.224.12.236
712,Vladimir,Satterthwaite,vsatterthwaitegz@cloudflare.com,Male,139.125.132.147
713,Rod,Riccetti,rriccettih0@phoca.cz,Male,89.188.135.131
714,Lizzie,See,lseeh1@xinhuanet.com,Female,82.8.154.173
715,Ludwig,Heighton,lheightonh2@smugmug.com,Male,172.18.9.81
716,Ezra,Applebee,eapplebeeh3@bloglovin.com,Genderfluid,76.0.177.128
717,Krishnah,Wotton,kwottonh4@mediafire.com,Male,206.70.52.194
718,Dorette,Milazzo,dmilazzoh5@engadget.com,Female,251.2.20.144
719,Gabey,Auden,gaudenh6@dot.gov,Female,108.63.91.20
720,Abbye,Leneve,aleneveh7@tumblr.com,Female,50.195.113.123
721,Dredi,Dengate,ddengateh8@bluehost.com,Female,6.95.147.177
722,Herschel,Kulvear,hkulvearh9@arizona.edu,Male,220.200.218.3
723,Mady,Scatchard,mscatchardha@ca.gov,Female,144.165.107.60
724,Theresina,Branchflower,tbranchflowerhb@is.gd,Bigender,95.248.91.211
725,Herb,Shouler,hshoulerhc@arstechnica.com,Male,124.246.42.128
726,Oralle,Schumacher,oschumacherhd@mayoclinic.com,Female,165.93.68.83
727,Lydon,Deeman,ldeemanhe@virginia.edu,Male,218.243.4.140
728,Aldo,Loddy,aloddyhf@constantcontact.com,Genderfluid,230.131.228.44
729,Welch,Mould,wmouldhg@gnu.org,Male,159.45.141.130
730,Doloritas,Neising,dneisinghh@tuttocitta.it,Female,79.190.28.98
731,Roddy,Evenett,revenetthi@sina.com.cn,Male,83.244.215.164
732,Trudey,Lacknor,tlacknorhj@japanpost.jp,Female,139.30.28.248
733,Barbette,Mathys,bmathyshk@newsvine.com,Female,97.226.210.1
734,Melvin,Piccop,mpiccophl@columbia.edu,Male,150.209.68.217
735,Evangelin,Drowsfield,edrowsfieldhm@nifty.com,Female,188.91.105.67
736,Willy,Masdin,wmasdinhn@answers.com,Male,157.130.6.174
737,Marsiella,Longhorne,mlonghorneho@bing.com,Female,135.96.205.182
738,Gram,Oda,godahp@theglobeandmail.com,Male,45.70.23.196
739,Monti,Cogar,mcogarhq@360.cn,Male,201.192.224.215
740,Erhart,Dalrymple,edalrymplehr@globo.com,Male,147.143.66.242
741,Hardy,Mayhow,hmayhowhs@webs.com,Male,28.19.179.139
742,Farrah,McCathay,fmccathayht@sogou.com,Female,86.99.124.25
743,Cecily,Kirsz,ckirszhu@elegantthemes.com,Female,69.131.109.70
744,Carlyn,Moxstead,cmoxsteadhv@microsoft.com,Female,244.1.12.225
745,Clarita,Colyer,ccolyerhw@sfgate.com,Female,192.188.176.188
746,Laurie,Hardistry,lhardistryhx@nasa.gov,Female,200.71.138.134
747,Hobard,Penhallurick,hpenhallurickhy@oaic.gov.au,Male,60.140.250.89
748,Sargent,Tapson,stapsonhz@sohu.com,Male,27.168.250.139
749,Lindi,Handrek,lhandreki0@ameblo.jp,Female,28.149.137.202
750,Francklyn,Verralls,fverrallsi1@bandcamp.com,Male,178.119.219.219
751,Elnar,Ison,eisoni2@dell.com,Male,2.75.147.4
752,Viva,Fishley,vfishleyi3@edublogs.org,Female,38.78.243.219
753,Diena,Btham,dbthami4@cornell.edu,Female,76.65.2.146
754,Max,Booker,mbookeri5@wp.com,Female,128.142.61.249
755,Kienan,Kornyakov,kkornyakovi6@ibm.com,Male,27.158.116.245
756,Mil,Adran,madrani7@comsenz.com,Agender,51.209.67.51
757,Faber,Losano,flosanoi8@amazon.co.jp,Male,64.75.241.169
758,Renaud,Roddie,rroddiei9@ycombinator.com,Agender,84.93.109.84
759,Cherice,Haldon,chaldonia@hubpages.com,Non-binary,203.0.0.93
760,Justine,Toms,jtomsib@google.ru,Non-binary,19.51.216.105
761,Moll,Krammer,mkrammeric@yellowpages.com,Female,195.103.244.68
762,Valaree,Coorington,vcooringtonid@nhs.uk,Bigender,187.207.245.232
763,Brande,Clewes,bclewesie@howstuffworks.com,Female,152.81.213.183
764,Tomaso,Arnecke,tarneckeif@sina.com.cn,Male,89.184.68.141
765,Marci,Loakes,mloakesig@networkadvertising.org,Female,39.30.175.193
766,Lindi,Zorzi,lzorziih@merriam-webster.com,Female,66.200.63.18
767,Bjorn,Bugge,bbuggeii@google.ru,Male,219.34.183.224
768,Saudra,Slimming,sslimmingij@fotki.com,Female,39.51.98.4
769,Law,Alpin,lalpinik@topsy.com,Male,36.117.57.230
770,Veradis,Tremoille,vtremoilleil@biblegateway.com,Female,244.213.86.225
771,Blondell,Dudeney,bdudeneyim@blogger.com,Female,117.10.227.20
772,Gretchen,Golding,ggoldingin@geocities.jp,Female,84.110.71.19
773,Hardy,Ivashkin,hivashkinio@mapy.cz,Male,236.92.10.64
774,Jessey,Housego,jhousegoip@arstechnica.com,Male,255.238.121.130
775,Friederike,Whate,fwhateiq@apple.com,Genderfluid,232.111.22.187
776,Yolande,Crossby,ycrossbyir@cloudflare.com,Female,55.236.133.211
777,Laetitia,Pogue,lpogueis@quantcast.com,Non-binary,21.176.168.4
778,Rochell,Dake,rdakeit@moonfruit.com,Female,197.213.16.155
779,Caterina,Burnall,cburnalliu@fda.gov,Female,215.8.230.127
780,Charlie,Gollop,cgollopiv@apache.org,Male,194.75.163.169
781,Sonny,Pentin,spentiniw@princeton.edu,Male,201.231.14.84
782,Inigo,Rustidge,irustidgeix@creativecommons.org,Male,155.226.20.250
783,Gleda,Kerner,gkerneriy@unblog.fr,Agender,190.77.16.98
784,Wilhelmina,Rubinow,wrubinowiz@marriott.com,Female,162.48.188.33
785,Austen,Lambricht,alambrichtj0@slashdot.org,Male,60.182.78.51
786,Lyndsay,Yurenev,lyurenevj1@ucla.edu,Female,181.57.12.54
787,Rochette,Splevins,rsplevinsj2@youtube.com,Female,46.1.15.124
788,Lorettalorna,Snawden,lsnawdenj3@sbwire.com,Genderqueer,71.86.185.186
789,Karly,Tooth,ktoothj4@ox.ac.uk,Female,1.189.224.182
790,Tomkin,Iston,tistonj5@w3.org,Male,177.227.133.48
791,Clarita,Quinnelly,cquinnellyj6@networkadvertising.org,Female,81.61.212.20
792,Patrizia,Grime,pgrimej7@unesco.org,Female,199.159.65.89
793,Hill,Rymour,hrymourj8@who.int,Male,107.171.225.44
794,Harwilll,Ellson,hellsonj9@mashable.com,Male,85.53.84.48
795,Darrin,Greensite,dgreensiteja@com.com,Male,171.83.51.54
796,Arlen,Redwin,aredwinjb@bing.com,Male,195.167.208.219
797,Paulie,Necrews,pnecrewsjc@freewebs.com,Female,112.226.86.34
798,Roanne,McDuall,rmcdualljd@hhs.gov,Female,85.119.254.178
799,Genny,Abazi,gabazije@addthis.com,Female,205.93.180.210
800,Lacey,Mahoney,lmahoneyjf@arizona.edu,Female,61.0.203.111
801,Olvan,Marguerite,omargueritejg@creativecommons.org,Male,66.26.207.149
802,La verne,Allston,lallstonjh@360.cn,Female,185.226.161.24
803,Sinclare,Gulk,sgulkji@google.nl,Male,112.153.190.6
804,Gizela,Merigon,gmerigonjj@google.nl,Female,97.15.122.15
805,Leora,Boolsen,lboolsenjk@fema.gov,Female,137.83.189.142
806,Kissie,Pheazey,kpheazeyjl@jimdo.com,Female,231.230.54.116
807,Finlay,Ruprich,fruprichjm@dailymotion.com,Bigender,151.110.240.53
808,Tova,Swindon,tswindonjn@sciencedaily.com,Female,193.173.146.179
809,Katie,Finlan,kfinlanjo@engadget.com,Female,235.194.228.161
810,Allistir,Philipeau,aphilipeaujp@istockphoto.com,Male,21.161.43.159
811,Zack,Wadmore,zwadmorejq@ihg.com,Male,16.212.199.88
812,Charil,Escale,cescalejr@g.co,Female,18.134.236.66
813,Graham,Mountcastle,gmountcastlejs@de.vu,Genderfluid,115.74.175.126
814,Tuckie,Ibotson,tibotsonjt@irs.gov,Male,217.43.154.194
815,Yehudi,Creffeild,ycreffeildju@tuttocitta.it,Male,5.199.121.46
816,Berton,Gluyus,bgluyusjv@harvard.edu,Male,251.116.79.81
817,Delly,Aughton,daughtonjw@webs.com,Female,175.84.206.243
818,Archibold,Snoxall,asnoxalljx@comcast.net,Male,35.68.121.32
819,Hilliard,Ferencowicz,hferencowiczjy@europa.eu,Male,31.253.191.141
820,Orlan,Keppie,okeppiejz@mapquest.com,Male,30.212.156.14
821,Caroline,Pottage,cpottagek0@wunderground.com,Female,75.118.221.39
822,Windham,O'Hanlon,wohanlonk1@g.co,Male,0.10.122.206
823,Loralee,Grombridge,lgrombridgek2@arstechnica.com,Female,150.243.33.17
824,Nona,Alibone,nalibonek3@cdc.gov,Female,202.174.48.132
825,Dominique,Bambrough,dbambroughk4@whitehouse.gov,Male,164.206.108.179
826,Hillier,Gherardesci,hgherardescik5@yahoo.com,Male,251.3.48.232
827,Miof mela,Colquit,mcolquitk6@soundcloud.com,Female,87.199.92.10
828,Kaila,Bentson,kbentsonk7@biblegateway.com,Polygender,196.218.235.210
829,Wendell,Groundwater,wgroundwaterk8@usatoday.com,Male,126.200.207.118
830,Odella,MacTavish,omactavishk9@purevolume.com,Female,86.30.191.33
831,Kassia,Labitt,klabittka@cpanel.net,Female,219.105.56.14
832,Ekaterina,Rawling,erawlingkb@stumbleupon.com,Female,105.83.5.112
833,Dot,Gulleford,dgullefordkc@auda.org.au,Female,146.239.122.103
834,Tyne,Pennycock,tpennycockkd@wunderground.com,Female,217.34.170.111
835,Jackie,Nassie,jnassieke@bluehost.com,Male,130.255.238.184
836,Mariska,Whittaker,mwhittakerkf@epa.gov,Female,137.166.175.205
837,Mattheus,Bevens,mbevenskg@fastcompany.com,Male,46.222.51.57
838,Sindee,Dickinson,sdickinsonkh@harvard.edu,Female,149.105.25.172
839,Vale,Heliot,vheliotki@mlb.com,Male,204.121.76.3
840,Nady,Gibberd,ngibberdkj@nsw.gov.au,Female,137.238.114.237
841,Damien,Benyon,dbenyonkk@china.com.cn,Male,6.163.202.205
842,Corrie,Eades,ceadeskl@ebay.com,Male,56.188.107.98
843,Caroline,Scourge,cscourgekm@webnode.com,Genderqueer,58.62.59.8
844,Riannon,Rubenovic,rrubenovickn@geocities.com,Female,252.235.3.236
845,Joane,Satch,jsatchko@multiply.com,Female,190.179.101.141
846,Elisabet,Common,ecommonkp@msu.edu,Female,50.228.137.120
847,Inigo,Minguet,iminguetkq@tiny.cc,Male,90.47.131.202
848,Zacherie,Boatwright,zboatwrightkr@hexun.com,Male,159.81.117.49
849,Emmery,Strettle,estrettleks@cornell.edu,Male,188.229.132.182
850,Calla,Duncklee,cdunckleekt@wikia.com,Female,168.17.57.14
851,Mart,Ellingworth,mellingworthku@npr.org,Male,196.160.209.14
852,Zed,Ogborne,zogbornekv@comcast.net,Male,165.196.210.227
853,Vale,Twist,vtwistkw@va.gov,Female,112.110.222.246
854,Burt,Gilhooley,bgilhooleykx@blogs.com,Male,185.112.113.247
855,Torre,Barukh,tbarukhky@ow.ly,Male,51.159.222.114
856,Valentin,Skirrow,vskirrowkz@nyu.edu,Male,48.179.224.107
857,Nari,Ewing,newingl0@ucsd.edu,Female,87.80.126.23
858,Isabeau,Vasser,ivasserl1@unc.edu,Female,235.172.83.64
859,Reagen,Kleyn,rkleynl2@tiny.cc,Male,180.163.130.250
860,Tiffani,Stenton,tstentonl3@marriott.com,Female,92.213.193.159
861,Tomas,Woodfine,twoodfinel4@omniture.com,Male,50.131.224.167
862,Bron,Stayt,bstaytl5@ehow.com,Bigender,32.5.204.14
863,Josefina,Herries,jherriesl6@wsj.com,Female,117.13.211.113
864,Darell,McPhelim,dmcpheliml7@surveymonkey.com,Female,3.185.23.250
865,Melitta,Russell,mrusselll8@multiply.com,Female,216.196.190.47
866,Robert,Halesworth,rhalesworthl9@umn.edu,Male,103.229.157.114
867,Drona,Vanyakin,dvanyakinla@tumblr.com,Female,206.217.203.97
868,Reiko,Schirak,rschiraklb@ibm.com,Female,217.117.171.193
869,Chicky,Dekeyser,cdekeyserlc@wired.com,Male,212.40.50.235
870,Kristal,De Witt,kdewittld@amazon.com,Female,243.112.184.85
871,Ira,Dreamer,idreamerle@samsung.com,Male,181.113.53.227
872,Reid,Bover,rboverlf@google.ru,Male,190.10.92.15
873,Rabi,Toal,rtoallg@digg.com,Male,227.19.95.237
874,Kippie,Beccles,kbeccleslh@mapy.cz,Male,171.180.222.115
875,Jo,Rhelton,jrheltonli@umich.edu,Male,45.145.134.53
876,Donal,Instone,dinstonelj@wix.com,Male,254.173.173.193
877,Twyla,Aldrich,taldrichlk@indiegogo.com,Female,82.176.224.186
878,Ben,Lowman,blowmanll@adobe.com,Male,76.26.81.30
879,Sheela,Wilstead,swilsteadlm@ft.com,Female,145.153.103.23
880,Heddie,Rotte,hrotteln@nymag.com,Female,186.232.59.22
881,Lara,Lewsam,llewsamlo@discovery.com,Female,159.149.241.18
882,Marley,Dowzell,mdowzelllp@plala.or.jp,Female,119.34.108.202
883,Nessy,Corke,ncorkelq@answers.com,Genderfluid,241.116.42.43
884,Blane,Piche,bpichelr@irs.gov,Non-binary,13.64.56.155
885,Lynnell,Alvar,lalvarls@behance.net,Female,222.194.135.54
886,Bell,Turfus,bturfuslt@apple.com,Female,123.26.55.126
887,Shandra,Hocking,shockinglu@netscape.com,Bigender,143.150.109.36
888,Alia,Wainman,awainmanlv@booking.com,Female,81.235.166.39
889,Kira,Biddwell,kbiddwelllw@deliciousdays.com,Bigender,205.70.192.73
890,Vinson,Tailby,vtailbylx@census.gov,Male,67.87.238.139
891,Benji,Walak,bwalakly@vimeo.com,Male,220.26.245.212
892,Elsie,Botly,ebotlylz@addthis.com,Female,254.58.240.186
893,Vikky,Kynett,vkynettm0@dropbox.com,Female,38.221.67.153
894,Zitella,Aronin,zaroninm1@nba.com,Female,8.32.218.10
895,Orly,Ballay,oballaym2@eventbrite.com,Bigender,239.189.224.253
896,Gunther,Alty,galtym3@pen.io,Male,40.139.135.50
897,Henka,Feaster,hfeasterm4@people.com.cn,Female,112.12.252.27
898,Hillery,Priestnall,hpriestnallm5@typepad.com,Male,108.158.127.159
899,Chrystal,Remer,cremerm6@opensource.org,Female,207.180.164.202
900,Sheba,Tommasetti,stommasettim7@lulu.com,Female,215.140.172.213
901,Katrine,Corran,kcorranm8@amazonaws.com,Female,162.177.233.162
902,Vick,Doxey,vdoxeym9@google.nl,Non-binary,229.223.91.7
903,Haven,Imesson,himessonma@psu.edu,Male,229.174.171.108
904,Elmo,Mordaunt,emordauntmb@walmart.com,Male,76.152.144.68
905,Cordell,Ayrs,cayrsmc@bing.com,Male,148.0.133.96
906,Genvieve,Mulcahy,gmulcahymd@baidu.com,Female,219.214.229.251
907,Nichole,Fearnehough,nfearnehoughme@qq.com,Male,229.180.86.153
908,Stephana,Beaglehole,sbeagleholemf@ning.com,Female,55.127.187.9
909,Ilise,Tamblyn,itamblynmg@marriott.com,Female,235.242.76.254
910,Glad,Caine,gcainemh@chron.com,Female,37.226.69.33
911,Mitch,Cooch,mcoochmi@archive.org,Agender,111.227.191.209
912,Lambert,Purrier,lpurriermj@google.ru,Male,198.147.149.28
913,Shane,Feaster,sfeastermk@hc360.com,Male,83.209.90.75
914,Goldie,Mulqueen,gmulqueenml@elegantthemes.com,Female,100.80.64.165
915,Giacobo,Addy,gaddymm@hostgator.com,Male,32.186.239.12
916,Terrance,Tearle,ttearlemn@ucoz.ru,Male,193.233.244.134
917,Delaney,Flips,dflipsmo@abc.net.au,Male,37.149.5.170
918,Reta,Levay,rlevaymp@google.pl,Female,42.186.4.59
919,Barty,Petruk,bpetrukmq@deviantart.com,Non-binary,79.52.167.216
920,Ambrosio,Extill,aextillmr@theglobeandmail.com,Male,51.22.120.130
921,Koenraad,Matic,kmaticms@fda.gov,Male,17.112.199.156
922,Kaja,Breslin,kbreslinmt@elegantthemes.com,Female,65.111.113.231
923,Loralie,Lattin,llattinmu@ed.gov,Female,171.236.92.230
924,Sutherland,Ausello,sausellomv@msu.edu,Male,129.51.138.171
925,Robbie,Rennox,rrennoxmw@dagondesign.com,Male,245.229.35.25
926,Matilda,Demkowicz,mdemkowiczmx@blogtalkradio.com,Bigender,75.183.26.57
927,Kelwin,Tupling,ktuplingmy@usnews.com,Male,71.207.177.43
928,Talbot,Blodget,tblodgetmz@flavors.me,Male,78.81.178.123
929,Lucina,Dunstone,ldunstonen0@tumblr.com,Female,67.123.240.116
930,Sharron,Puckrin,spuckrinn1@usa.gov,Female,67.54.255.6
931,Leigh,Tibbotts,ltibbottsn2@boston.com,Female,155.141.229.253
932,Raymond,McParlin,rmcparlinn3@hatena.ne.jp,Male,67.234.110.185
933,Whitney,M'Quharg,wmquhargn4@fastcompany.com,Male,9.218.159.181
934,Hobard,Edgar,hedgarn5@posterous.com,Male,5.30.136.130
935,Kelvin,Ruffell,kruffelln6@washington.edu,Male,147.133.2.80
936,Martin,Roj,mrojn7@1und1.de,Male,226.56.81.111
937,Alexis,Ramey,arameyn8@studiopress.com,Male,163.117.176.23
938,Doug,Glinde,dglinden9@360.cn,Male,205.170.244.3
939,Cami,Hutfield,chutfieldna@google.it,Female,51.5.43.3
940,Niccolo,Vaggs,nvaggsnb@symantec.com,Male,229.82.170.220
941,Augustine,Glenister,aglenisternc@vk.com,Female,188.251.248.113
942,Jaclin,Giraudot,jgiraudotnd@cisco.com,Female,239.224.108.143
943,Aveline,Mingey,amingeyne@admin.ch,Polygender,215.25.139.100
944,Vanda,Twelve,vtwelvenf@nationalgeographic.com,Female,132.2.224.125
945,Andria,Labern,alabernng@chronoengine.com,Female,36.60.44.174
946,Dorree,Bette,dbettenh@blogspot.com,Female,2.203.86.195
947,Wyndham,Vennings,wvenningsni@paginegialle.it,Male,27.119.156.187
948,Charmion,Abdon,cabdonnj@facebook.com,Female,24.77.178.239
949,Garvey,Ornells,gornellsnk@youku.com,Male,162.137.194.17
950,Ulrick,Gittis,ugittisnl@163.com,Male,195.27.48.15
951,Anatola,Haking,ahakingnm@deliciousdays.com,Female,102.21.176.131
952,Eugen,Alasdair,ealasdairnn@ibm.com,Male,220.111.122.64
953,Dalt,Glanz,dglanzno@nymag.com,Male,63.73.76.43
954,Lonni,Wackley,lwackleynp@samsung.com,Female,24.44.36.125
955,Talbert,Kendell,tkendellnq@booking.com,Male,46.142.120.246
956,Caterina,Giblett,cgiblettnr@sohu.com,Female,15.201.235.3
957,Morgen,Reside,mresidens@nymag.com,Male,99.163.29.133
958,Carce,Duffield,cduffieldnt@deliciousdays.com,Male,160.137.61.106
959,Marthe,Astill,mastillnu@microsoft.com,Female,168.135.216.137
960,Seth,Dabbs,sdabbsnv@wordpress.org,Male,15.204.93.105
961,Mommy,Kumaar,mkumaarnw@bluehost.com,Female,1.144.105.190
962,Claiborne,Cosely,ccoselynx@ucla.edu,Male,46.106.237.212
963,Bunny,Tarbard,btarbardny@census.gov,Genderfluid,232.247.165.93
964,Addie,Loiterton,aloitertonnz@alibaba.com,Male,30.85.229.101
965,Shawnee,Huntley,shuntleyo0@dot.gov,Female,110.193.86.133
966,Anna-diane,Orsi,aorsio1@ebay.co.uk,Female,7.72.9.52
967,Nicolle,Down,ndowno2@bbc.co.uk,Female,229.165.46.227
968,Gene,Emnoney,gemnoneyo3@toplist.cz,Male,59.235.19.0
969,Matthieu,Matzel,mmatzelo4@example.com,Male,46.141.203.129
970,Araldo,Gildroy,agildroyo5@comsenz.com,Male,210.121.10.45
971,Giustino,Blandamore,gblandamoreo6@tumblr.com,Male,4.123.114.186
972,Raviv,Philpault,rphilpaulto7@apple.com,Male,166.191.182.133
973,Tremain,Shottin,tshottino8@irs.gov,Male,123.238.122.42
974,Earlie,Nussgen,enussgeno9@bing.com,Male,191.179.24.5
975,Alanah,Roocroft,aroocroftoa@technorati.com,Polygender,88.197.110.252
976,Godart,Tiffin,gtiffinob@cbc.ca,Male,110.191.203.119
977,Lombard,Yurlov,lyurlovoc@wiley.com,Male,47.158.200.7
978,Paulette,Snowdon,psnowdonod@livejournal.com,Female,107.118.30.143
979,Hali,Rozier,hrozieroe@yelp.com,Female,112.212.202.34
980,April,Pales,apalesof@themeforest.net,Female,250.55.118.45
981,Melisent,Gable,mgableog@walmart.com,Non-binary,162.192.18.203
982,Renata,Davenport,rdavenportoh@youku.com,Female,85.226.204.232
983,Leslie,Flooks,lflooksoi@ning.com,Female,50.0.65.32
984,Lorry,Gribble,lgribbleoj@prnewswire.com,Male,137.111.125.218
985,Nikaniki,Swindon,nswindonok@sfgate.com,Female,192.83.45.145
986,Burk,Culy,bculyol@desdev.cn,Male,83.70.230.49
987,Lefty,Lafoy,llafoyom@w3.org,Male,146.36.72.253
988,Wren,Baulch,wbaulchon@cbc.ca,Female,252.14.254.59
989,Fee,Storek,fstorekoo@loc.gov,Non-binary,108.79.102.15
990,Brendan,McGillivrie,bmcgillivrieop@wordpress.org,Male,248.80.134.155
991,Haily,Fairbeard,hfairbeardoq@webnode.com,Male,169.108.191.170
992,Sebastian,Broseman,sbrosemanor@ycombinator.com,Male,176.31.187.229
993,Ellis,Smowton,esmowtonos@odnoklassniki.ru,Male,103.221.20.181
994,Stavros,Frantzen,sfrantzenot@bandcamp.com,Male,67.196.146.220
995,Adrienne,Rickell,arickellou@tamu.edu,Female,117.89.159.8
996,Annissa,Woloschinski,awoloschinskiov@shareasale.com,Female,211.253.29.206
997,Aylmer,Gutch,agutchow@blogger.com,Male,118.1.36.154
998,Gaultiero,Ginnety,gginnetyox@mac.com,Male,85.221.21.55
999,Doloritas,Lesek,dlesekoy@github.io,Female,75.101.104.96
1000,Finn,Eringey,feringeyoz@slashdot.org,Male,138.61.93.122
1001,Windy,Weyman,wweymanp0@ezinearticles.com,Female,194.177.113.107
1002,Binni,Lankester,blankesterp1@squidoo.com,Genderfluid,179.184.249.176
1003,Wilt,Bickerton,wbickertonp2@cornell.edu,Male,147.239.200.141
1004,Fran,Preece,fpreecep3@uol.com.br,Male,10.127.228.161
1005,Cleveland,Solland,csollandp4@census.gov,Male,68.108.24.135
1006,Aubrie,Sanbrook,asanbrookp5@liveinternet.ru,Female,48.130.53.250
1007,Austin,Mandal,amandalp6@nymag.com,Male,165.101.50.103
1008,Sloane,Sivills,ssivillsp7@eepurl.com,Male,154.118.99.12
1009,Rhett,Ashburner,rashburnerp8@icq.com,Male,200.41.38.66
1010,Oneida,Murty,omurtyp9@abc.net.au,Female,232.172.15.184
1011,Alexandre,Hassey,ahasseypa@skype.com,Male,109.189.95.124
1012,Ddene,Marlon,dmarlonpb@weather.com,Genderqueer,71.244.99.184
1013,Lethia,Seville,lsevillepc@devhub.com,Female,110.145.140.115
1014,Ingmar,Brehault,ibrehaultpd@china.com.cn,Male,45.87.113.30
1015,Amalee,Gove,agovepe@sourceforge.net,Female,164.155.154.229
1016,Ardene,Biernat,abiernatpf@biglobe.ne.jp,Female,139.179.190.239
1017,Maribel,Reffe,mreffepg@msn.com,Female,75.181.163.251
1018,Mark,Forward,mforwardph@4shared.com,Male,248.160.234.232
1019,Dorolisa,Patillo,dpatillopi@ucla.edu,Female,75.132.176.65
1020,Valdemar,Vasilyev,vvasilyevpj@google.nl,Male,142.248.56.183
1021,Eydie,Faithorn,efaithornpk@earthlink.net,Female,215.85.155.225
1022,Smitty,Livick,slivickpl@narod.ru,Male,228.95.57.140
1023,Gradey,Parrington,gparringtonpm@wordpress.org,Male,52.147.54.171
1024,Hall,Gibbon,hgibbonpn@devhub.com,Male,10.155.32.133
1025,Modesty,Bangham,mbanghampo@columbia.edu,Female,99.177.12.89
1026,Ronny,Stother,rstotherpp@businessinsider.com,Female,185.14.79.144
1027,Drake,Glynne,dglynnepq@usatoday.com,Male,107.28.29.252
1028,Sergent,Skellern,sskellernpr@gmpg.org,Male,16.19.205.174
1029,Brett,Levis,blevisps@freewebs.com,Female,2.169.88.165
1030,Inglebert,Ollive,iollivept@weebly.com,Bigender,125.21.14.11
1031,Kalie,MacVay,kmacvaypu@arizona.edu,Female,179.53.8.184
1032,Basile,Goscar,bgoscarpv@ameblo.jp,Male,73.195.31.252
1033,Westbrook,Copeman,wcopemanpw@unicef.org,Male,59.69.154.118
1034,Denna,Raynham,draynhampx@behance.net,Female,192.76.126.145
1035,Judon,Poskitt,jposkittpy@earthlink.net,Male,127.87.58.88
1036,Erie,Quernel,equernelpz@linkedin.com,Male,28.224.197.83
1037,Kendra,deKnevet,kdeknevetq0@who.int,Female,210.243.112.230
1038,Joannes,Sweet,jsweetq1@typepad.com,Female,141.203.95.180
1039,Clair,Windram,cwindramq2@wix.com,Female,155.219.216.218
1040,Iorgo,Passler,ipasslerq3@bravesites.com,Male,159.31.231.132
1041,Margo,Humbert,mhumbertq4@unblog.fr,Female,250.176.68.131
1042,Jany,Ballham,jballhamq5@i2i.jp,Female,189.255.35.32
1043,Chen,Aberkirder,caberkirderq6@go.com,Male,206.199.33.179
1044,Richmound,Rossin,rrossinq7@drupal.org,Male,96.128.61.213
1045,Antonino,Higginbottam,ahigginbottamq8@google.com.hk,Polygender,6.124.222.141
1046,Elie,Blazejewski,eblazejewskiq9@time.com,Non-binary,194.124.47.189
1047,Nevil,Draye,ndrayeqa@smh.com.au,Male,121.161.128.184
1048,Shurwood,Matkovic,smatkovicqb@creativecommons.org,Male,208.68.105.211
1049,Tudor,O'Dyvoie,todyvoieqc@livejournal.com,Genderfluid,113.167.179.207
1050,Kort,Serrurier,kserrurierqd@lycos.com,Male,40.64.50.232
1051,Natalie,Asquez,nasquezqe@tinypic.com,Female,102.205.6.196
1052,Baryram,Horley,bhorleyqf@rediff.com,Male,235.80.117.68
1053,Devonne,Dumbrall,ddumbrallqg@soundcloud.com,Female,103.253.213.84
1054,Saraann,Sayer,ssayerqh@prweb.com,Female,7.200.48.81
1055,Zerk,Seelbach,zseelbachqi@hugedomains.com,Male,224.131.65.36
1056,Salvidor,Delahunt,sdelahuntqj@xrea.com,Male,121.253.184.28
1057,Lemuel,Gommowe,lgommoweqk@sfgate.com,Male,5.51.9.134
1058,Barty,Norrie,bnorrieql@newsvine.com,Male,150.23.178.189
1059,Denyse,Berends,dberendsqm@t.co,Genderqueer,104.137.23.28
1060,Lanie,Foster-Smith,lfostersmithqn@yahoo.com,Genderqueer,186.94.217.195
1061,Gregg,Giacobilio,ggiacobilioqo@live.com,Male,194.135.88.246
1062,Ricoriki,Kayley,rkayleyqp@163.com,Male,205.90.27.180
1063,Honey,Espino,hespinoqq@cnet.com,Female,198.69.55.131
1064,Gauthier,Lushey,glusheyqr@a8.net,Male,11.229.216.25
1065,Torrin,Pottinger,tpottingerqs@jugem.jp,Polygender,32.188.108.128
1066,Alaine,Mawd,amawdqt@cargocollective.com,Female,162.143.171.254
1067,Kevon,McKie,kmckiequ@hexun.com,Male,217.233.192.154
1068,Edy,Tongs,etongsqv@nih.gov,Female,52.240.199.131
1069,Alice,Beamont,abeamontqw@patch.com,Female,244.82.192.188
1070,Hyacinthie,Macieja,hmaciejaqx@businessinsider.com,Female,237.72.54.21
1071,Deanna,Venmore,dvenmoreqy@wsj.com,Female,90.57.6.74
1072,Oby,Benoit,obenoitqz@angelfire.com,Genderqueer,65.226.52.168
1073,Reinold,Bailiss,rbailissr0@state.gov,Male,203.127.174.111
1074,Ceciley,Foston,cfostonr1@sciencedaily.com,Female,98.114.171.236
1075,Dalis,Zanneli,dzannelir2@ebay.co.uk,Male,180.197.71.145
1076,Laurie,Litchmore,llitchmorer3@livejournal.com,Male,143.242.153.200
1077,Dru,Werrett,dwerrettr4@wikipedia.org,Agender,33.136.247.166
1078,Stuart,Stuckley,sstuckleyr5@thetimes.co.uk,Male,50.82.245.121
1079,Dame,Abramamovh,dabramamovhr6@forbes.com,Male,11.141.130.65
1080,Junie,Wegenen,jwegenenr7@people.com.cn,Non-binary,138.238.92.77
1081,Mortie,Hubberstey,mhubbersteyr8@so-net.ne.jp,Male,90.228.253.43
1082,Dylan,Fishleigh,dfishleighr9@edublogs.org,Male,123.24.99.3
1083,Clemence,Hitschke,chitschkera@typepad.com,Polygender,5.91.14.231
1084,Archie,Benet,abenetrb@google.com.au,Male,127.171.35.201
1085,Alfonso,Carney,acarneyrc@yahoo.co.jp,Male,237.196.2.219
1086,Sid,Coombs,scoombsrd@amazonaws.com,Male,237.245.132.29
1087,Lulita,Goldthorp,lgoldthorpre@ameblo.jp,Female,80.134.58.86
1088,Kala,Seymark,kseymarkrf@go.com,Female,6.183.72.124
1089,Glynnis,Metterick,gmetterickrg@wordpress.org,Female,120.173.197.10
1090,Hasheem,Bremmer,hbremmerrh@barnesandnoble.com,Male,181.177.233.191
1091,Chickie,Westell,cwestellri@domainmarket.com,Male,115.169.50.75
1092,Bess,Warwicker,bwarwickerrj@jugem.jp,Female,19.57.203.140
1093,Casper,Skipper,cskipperrk@studiopress.com,Male,115.168.155.129
1094,Sharla,Pitrelli,spitrellirl@w3.org,Female,172.94.237.98
1095,Rozele,Haggus,rhaggusrm@ask.com,Female,169.243.144.75
1096,Morty,Wrettum,mwrettumrn@pbs.org,Male,211.159.116.10
1097,Ive,Baulch,ibaulchro@wisc.edu,Male,204.97.13.167
1098,Isabeau,Welband,iwelbandrp@apple.com,Non-binary,249.4.69.226
1099,Purcell,Aylen,paylenrq@over-blog.com,Male,22.141.255.20
1100,Granny,Loche,glocherr@fema.gov,Non-binary,140.99.59.142
