id,first_name,last_name,email,gender,ip_address
1,Sharity,Paddefield,spaddefield0@typepad.com,Female,128.98.148.201
2,Reuven,Alcido,ralcido1@storify.com,Male,86.60.165.224
3,Dominic,Toke,dtoke2@hubpages.com,Male,145.143.182.3
4,Willis,Delle,wdelle3@cnn.com,Male,234.62.230.220
5,Dyna,Guyver,dguyver4@blogtalkradio.com,Female,155.217.78.82
6,Rebecka,Seeborne,rseeborne5@blogger.com,Female,73.237.244.7
7,Nettie,Obell,nobell6@nifty.com,Female,187.3.9.242
8,Susan,Davidove,sdavidove7@opensource.org,Female,156.0.20.227
9,Malanie,Pavelka,mpavelka8@guardian.co.uk,Female,173.48.91.81
10,Maurene,Heineking,mheineking9@ow.ly,Genderfluid,55.66.130.99
11,Gerta,Dono,gdonoa@fastcompany.com,Female,54.215.242.27
12,Abbott,Tomenson,atomensonb@etsy.com,Non-binary,105.235.37.155
13,Pooh,Gianasi,pgianasic@salon.com,Male,0.199.118.112
14,Duncan,Shotboult,dshotboultd@amazon.com,Male,102.233.91.62
15,Hannie,Eckley,heckleye@plala.or.jp,Female,30.228.196.103
16,Tammie,Cordall,tcordallf@4shared.com,Male,191.172.115.119
17,Dex,Kikke,dkikkeg@i2i.jp,Male,131.9.116.119
18,Cynthea,Kelland,ckellandh@wp.com,Female,89.195.113.127
19,Teodoro,Caddie,tcaddiei@csmonitor.com,Male,175.203.235.87
20,Arlinda,Bernardot,abernardotj@technorati.com,Non-binary,76.107.43.41
21,Pammi,Planke,pplankek@cyberchimps.com,Female,164.112.255.142
22,Fraze,Cackett,fcackettl@google.com.au,Male,70.147.118.145
23,Tilda,Pelzer,tpelzerm@pagesperso-orange.fr,Female,199.114.171.215
24,Edan,Stroulger,estroulgern@godaddy.com,Male,232.131.98.204
25,Cassie,Chirm,cchirmo@nbcnews.com,Bigender,240.107.65.132
26,Frank,Davage,fdavagep@mapy.cz,Female,45.83.114.153
27,Gabi,Downton,gdowntonq@reuters.com,Female,168.192.1.121
28,Ruby,Sells,rsellsr@oracle.com,Male,183.84.247.38
29,Kathi,Misselbrook,kmisselbrooks@constantcontact.com,Female,151.34.134.149
30,Dav,Redihough,dredihought@discovery.com,Male,90.4.197.61
31,Prentiss,Brou,pbrouu@sohu.com,Male,13.56.13.79
32,Sarine,Snipe,ssnipev@examiner.com,Female,164.76.159.11
33,Gus,D'Onise,gdonisew@live.com,Female,254.156.8.14
34,Upton,Jecks,ujecksx@imdb.com,Male,22.111.221.125
35,Nerita,La Batie,nlabatiey@yale.edu,Female,46.108.76.178
36,Hasty,Healings,hhealingsz@nsw.gov.au,Male,146.229.79.43
37,Tallou,Ahearne,tahearne10@infoseek.co.jp,Female,27.21.124.80
38,Sully,Ephson,sephson11@nps.gov,Male,2.242.174.39
39,Nehemiah,Slyde,nslyde12@tinyurl.com,Male,104.206.194.65
40,Shell,Leese,sleese13@stumbleupon.com,Male,37.219.120.130
41,Stanley,Jzak,sjzak14@google.fr,Bigender,188.161.54.64
42,Jerrome,Harker,jharker15@miibeian.gov.cn,Bigender,212.149.161.247
43,Fransisco,Bugbird,fbugbird16@wufoo.com,Male,88.225.67.6
44,Mariele,Meeron,mmeeron17@spotify.com,Female,171.173.72.16
45,Trevor,Insall,tinsall18@apple.com,Male,99.235.79.139
46,Bondy,Telford,btelford19@msu.edu,Male,140.185.244.88
47,Pennie,Drain,pdrain1a@kickstarter.com,Female,25.117.5.109
48,Midge,Gingel,mgingel1b@twitpic.com,Female,158.3.53.91
49,Brandy,Pleager,bpleager1c@usgs.gov,Female,200.141.235.210
50,Christine,Pendrey,cpendrey1d@printfriendly.com,Genderfluid,186.118.123.179
51,Onofredo,Juza,ojuza1e@ezinearticles.com,Male,6.48.145.140
52,Nancie,Minard,nminard1f@bbb.org,Female,158.9.207.231
53,Haskel,Pantlin,hpantlin1g@biglobe.ne.jp,Male,47.205.203.179
54,Obediah,Hrinishin,ohrinishin1h@wix.com,Male,7.184.13.57
55,Arvin,Treagust,atreagust1i@photobucket.com,Male,211.251.110.244
56,Kennett,Durward,kdurward1j@pcworld.com,Male,152.61.53.239
57,Norbie,Aloigi,naloigi1k@europa.eu,Male,52.71.22.47
58,Celeste,Sacher,csacher1l@walmart.com,Female,150.196.120.68
59,Granger,Golthorpp,ggolthorpp1m@intel.com,Male,221.87.179.92
60,Barnebas,Brislan,bbrislan1n@prlog.org,Male,55.26.251.41
61,Demetria,Benito,dbenito1o@nifty.com,Female,32.140.67.178
62,Ennis,MacGiffin,emacgiffin1p@sfgate.com,Male,81.162.99.62
63,Neville,Mc Cahey,nmccahey1q@whitehouse.gov,Male,69.227.182.224
64,Bethany,Leek,bleek1r@indiegogo.com,Female,23.99.12.168
65,April,Scollan,ascollan1s@t.co,Female,203.14.131.53
66,Sargent,Dunnion,sdunnion1t@mozilla.com,Male,144.70.223.151
67,Sibelle,Klimontovich,sklimontovich1u@telegraph.co.uk,Female,129.9.97.19
68,Ella,Dana,edana1v@tripod.com,Female,154.75.128.247
69,Francesca,Loadwick,floadwick1w@tamu.edu,Female,80.208.11.29
70,Barb,Culpan,bculpan1x@usatoday.com,Female,241.40.99.61
71,Livia,Botton,lbotton1y@dion.ne.jp,Female,45.172.153.85
72,Chevy,Ilieve,cilieve1z@hc360.com,Male,66.27.6.28
73,Tabb,Guile,tguile20@cam.ac.uk,Male,2.98.133.38
74,Kary,Tuff,ktuff21@narod.ru,Female,99.210.217.104
75,Vanya,Tippler,vtippler22@ucla.edu,Female,234.26.84.152
76,Tarah,Brakespear,tbrakespear23@tinypic.com,Female,137.26.184.198
77,Vitoria,Lidgely,vlidgely24@example.com,Non-binary,43.222.119.168
78,Lynea,Ayton,layton25@zdnet.com,Female,80.72.6.237
79,Karna,Gomery,kgomery26@quantcast.com,Female,65.186.233.252
80,Cheryl,Walenta,cwalenta27@about.me,Female,162.103.140.95
81,Berna,Haldin,bhaldin28@indiatimes.com,Female,242.89.239.5
82,Ross,Rens,rrens29@washingtonpost.com,Male,122.94.146.72
83,Drusi,Illesley,dillesley2a@google.cn,Female,199.145.96.127
84,Archambault,Semerad,asemerad2b@wordpress.org,Bigender,110.120.242.92
85,Milt,Force,mforce2c@drupal.org,Male,2.87.111.180
86,Sim,Traynor,straynor2d@buzzfeed.com,Male,199.199.156.110
87,Shelbi,Twine,stwine2e@reddit.com,Female,106.166.140.85
88,Roman,Blincoe,rblincoe2f@webnode.com,Male,164.169.29.36
89,Horacio,Berceros,hberceros2g@1und1.de,Male,25.98.11.176
90,Abbi,Glidder,aglidder2h@adobe.com,Female,190.100.114.90
91,Guillaume,Tulloch,gtulloch2i@java.com,Male,173.250.10.158
92,Mahmud,Snepp,msnepp2j@nhs.uk,Male,170.13.70.38
93,Ardeen,Ashingden,aashingden2k@scribd.com,Bigender,0.118.73.3
94,Emyle,Geelan,egeelan2l@merriam-webster.com,Non-binary,31.24.104.213
95,Darren,Skrine,dskrine2m@free.fr,Male,222.232.114.229
96,Emogene,Guarnier,eguarnier2n@google.fr,Genderfluid,17.10.16.173
97,Raphael,Gosford,rgosford2o@admin.ch,Male,199.199.157.189
98,Otis,Normanvill,onormanvill2p@mozilla.org,Male,32.38.255.7
99,Chloe,McDonand,cmcdonand2q@sogou.com,Female,101.23.144.49
100,Christyna,Bilsborrow,cbilsborrow2r@tripod.com,Female,55.19.137.134
