id,first_name,last_name,email,gender,ip_address
1101,Megan,Chaffin,mchaffin0@unicef.org,Female,95.97.245.37
1102,Shepperd,Leakner,sleakner1@360.cn,Non-binary,13.176.30.4
1103,Robert,Rixon,rrixon2@is.gd,Male,147.196.124.128
1104,Giffy,Preskett,gpreskett3@deliciousdays.com,Male,69.165.208.240
1105,Tasha,Sprules,tsprules4@un.org,Female,37.123.193.4
1106,Annetta,Wingrove,awingrove5@arizona.edu,Agender,13.115.219.164
1107,Joey,Nesbitt,jnesbitt6@discovery.com,Female,158.5.213.203
1108,Salome,Izakoff,sizakoff7@phoca.cz,Genderqueer,155.223.210.210
1109,Ulick,Younglove,uyounglove8@artisteer.com,Male,104.95.206.151
1110,Nelle,Gumb,ngumb9@1688.com,Female,186.77.91.126
1111,Derrek,Kenwell,dkenwella@hostgator.com,Male,110.251.46.165
1112,Dalli,Boyne,dboyneb@tinyurl.com,Male,116.146.155.15
1113,Kim,Kezor,kkezorc@list-manage.com,Male,194.120.205.246
1114,Wylie,Rapper,wrapperd@instagram.com,Male,51.26.220.132
1115,Kerby,Ayling,kaylinge@google.nl,Male,62.65.38.93
1116,Jarrid,Pennycuick,jpennycuickf@bloomberg.com,Male,65.42.192.218
1117,Gretchen,Tewes,gtewesg@un.org,Female,43.199.174.158
1118,Kristel,Pauly,kpaulyh@joomla.org,Female,218.119.101.238
1119,Lane,Brydell,lbrydelli@gizmodo.com,Polygender,29.132.6.105
1120,Flem,Bignal,fbignalj@imdb.com,Male,37.52.16.69
1121,Robbert,Heaker,rheakerk@shinystat.com,Polygender,144.169.177.233
1122,Bertrando,Cullingford,bcullingfordl@businessweek.com,Male,92.49.124.174
1123,Brandise,Restall,brestallm@senate.gov,Female,156.191.198.75
1124,Lacee,Atto,latton@prnewswire.com,Female,43.164.91.31
1125,Mollie,Auckland,maucklando@nps.gov,Non-binary,42.255.87.247
1126,Michel,Kneaphsey,mkneaphseyp@mozilla.com,Bigender,31.130.251.23
1127,Sandie,Wolfenden,swolfendenq@illinois.edu,Bigender,202.8.26.185
1128,Burnaby,Dowears,bdowearsr@discovery.com,Male,13.108.101.50
1129,Cherlyn,Francesch,cfranceschs@patch.com,Female,140.129.223.48
1130,Abraham,Woofendell,awoofendellt@zimbio.com,Male,2.200.54.62
1131,Malissa,Liven,mlivenu@ucoz.ru,Female,180.63.221.173
1132,Yorker,Tuddall,ytuddallv@seattletimes.com,Male,57.153.170.140
1133,Lyell,Crennan,lcrennanw@php.net,Male,224.218.15.113
1134,Tabb,Jaume,tjaumex@wiley.com,Male,43.42.41.37
1135,Morris,Gudd,mguddy@163.com,Male,131.168.36.126
1136,Toma,Mechic,tmechicz@netscape.com,Female,71.216.3.2
1137,Barnard,Mandal,bmandal10@amazon.co.jp,Male,44.100.112.34
1138,Den,Tour,dtour11@yale.edu,Male,240.32.242.246
1139,Barnabas,Boyd,bboyd12@cbslocal.com,Male,150.210.242.33
1140,Shirleen,Josum,sjosum13@alibaba.com,Genderqueer,136.28.13.154
1141,Desdemona,Josephi,djosephi14@unc.edu,Female,253.217.202.174
1142,Anderson,Shuttle,ashuttle15@facebook.com,Male,208.129.222.3
1143,Doro,McFie,dmcfie16@surveymonkey.com,Female,100.57.241.131
1144,Waite,Giffaut,wgiffaut17@sina.com.cn,Male,156.215.114.51
1145,Brittaney,Strangman,bstrangman18@cafepress.com,Female,87.237.18.121
1146,Pincus,Hestrop,phestrop19@altervista.org,Male,215.203.91.210
1147,Faunie,Forsbey,fforsbey1a@amazonaws.com,Female,214.220.222.62
1148,Carolin,Gorch,cgorch1b@technorati.com,Female,229.85.238.237
1149,Hernando,Lowey,hlowey1c@ebay.co.uk,Male,62.71.106.210
1150,Trip,Sheeres,tsheeres1d@cornell.edu,Male,36.114.35.203
1151,Ham,Mitskevich,hmitskevich1e@baidu.com,Male,2.142.50.74
1152,Halli,Pache,hpache1f@shop-pro.jp,Female,109.141.98.181
1153,Amye,Abramovicz,aabramovicz1g@t.co,Female,199.243.90.170
1154,Marcy,Bonifant,mbonifant1h@list-manage.com,Female,2.91.224.36
1155,Derril,Hamley,dhamley1i@vk.com,Male,231.202.7.69
1156,Brandice,Casazza,bcasazza1j@google.co.jp,Female,85.232.40.224
1157,Rafferty,Kingscote,rkingscote1k@examiner.com,Male,218.75.159.16
1158,Wittie,Varran,wvarran1l@github.io,Male,96.106.173.75
1159,Kalil,Bottomley,kbottomley1m@freewebs.com,Male,152.21.8.37
1160,Pincus,Grinley,pgrinley1n@sciencedirect.com,Male,0.26.177.214
1161,Jamey,Le Barre,jlebarre1o@google.ca,Male,141.64.12.185
1162,Sheilakathryn,Impy,simpy1p@gmpg.org,Female,226.25.177.30
1163,Joellyn,Hirschmann,jhirschmann1q@narod.ru,Female,72.185.125.156
1164,Emelia,Barsham,ebarsham1r@nba.com,Female,88.216.223.171
1165,Early,Yurinov,eyurinov1s@fda.gov,Male,20.216.31.1
1166,Gale,Tumelty,gtumelty1t@google.co.jp,Female,19.184.61.57
1167,Ariana,Geerling,ageerling1u@stumbleupon.com,Female,203.249.91.18
1168,Adams,Maharry,amaharry1v@github.com,Male,90.212.238.176
1169,Abel,Nisius,anisius1w@furl.net,Male,15.249.109.6
1170,Blisse,Knowller,bknowller1x@goodreads.com,Female,12.230.90.16
1171,Marwin,Morman,mmorman1y@ted.com,Male,19.131.196.240
1172,Aksel,Espadas,aespadas1z@webeden.co.uk,Male,198.80.223.2
1173,Chantal,Yakovich,cyakovich20@census.gov,Non-binary,244.146.82.82
1174,Garth,Reubens,greubens21@squarespace.com,Male,29.2.105.92
1175,Guthry,Swanborrow,gswanborrow22@canalblog.com,Male,37.13.58.34
1176,Klemens,Armour,karmour23@lulu.com,Male,53.43.141.112
1177,Brade,Goranov,bgoranov24@usnews.com,Male,8.172.125.65
1178,Lorne,Pennyman,lpennyman25@themeforest.net,Female,242.152.81.31
1179,Randall,Maciaszek,rmaciaszek26@cnet.com,Male,17.229.165.78
1180,Bridget,Caulwell,bcaulwell27@usda.gov,Polygender,25.125.195.224
1181,Allan,Frodsham,afrodsham28@discuz.net,Male,234.119.182.186
1182,Bliss,Pilfold,bpilfold29@chron.com,Female,10.253.225.252
1183,Rina,Jenks,rjenks2a@sourceforge.net,Female,147.174.130.180
1184,Natty,Caven,ncaven2b@wikia.com,Male,215.134.200.165
1185,Guy,Chaimson,gchaimson2c@businesswire.com,Male,207.144.58.58
1186,Blair,Morales,bmorales2d@plala.or.jp,Female,120.158.23.172
1187,Kimberly,Priestley,kpriestley2e@dell.com,Female,154.36.15.126
1188,Phelia,Picton,ppicton2f@bloglovin.com,Polygender,72.35.252.119
1189,Hugo,Doring,hdoring2g@geocities.com,Male,69.138.45.168
1190,Ginger,Raycroft,graycroft2h@oracle.com,Male,211.0.191.209
1191,Cris,Foystone,cfoystone2i@dot.gov,Male,178.208.140.57
1192,Innis,Agate,iagate2j@wikimedia.org,Male,69.47.152.125
1193,Diena,Lassell,dlassell2k@hugedomains.com,Female,224.95.98.221
1194,Ruben,Caldera,rcaldera2l@wisc.edu,Male,211.215.90.248
1195,Barrie,Oxtaby,boxtaby2m@constantcontact.com,Male,247.48.224.170
1196,Olga,Gonzalez,ogonzalez2n@yellowpages.com,Female,235.188.217.94
1197,Marcile,Boult,mboult2o@hibu.com,Female,24.31.181.15
1198,Kacey,Skurray,kskurray2p@theguardian.com,Female,200.247.125.101
1199,Malena,Elphick,melphick2q@tamu.edu,Female,97.242.195.34
1200,Leyla,Wagenen,lwagenen2r@icio.us,Female,100.41.129.124
1201,Elissa,Girod,egirod2s@marriott.com,Female,16.233.44.41
1202,Arel,Campey,acampey2t@arizona.edu,Male,154.238.12.114
1203,Arnuad,Elleton,aelleton2u@stanford.edu,Male,141.211.134.53
1204,Aline,Haggus,ahaggus2v@imageshack.us,Female,207.139.47.190
1205,Euell,Dearnley,edearnley2w@sfgate.com,Male,33.219.55.152
1206,Etienne,Bartoloma,ebartoloma2x@yellowbook.com,Male,222.223.165.247
1207,Agretha,De La Coste,adelacoste2y@gnu.org,Female,137.21.8.106
1208,Molli,Boak,mboak2z@mayoclinic.com,Female,170.145.59.174
1209,Kurt,Flinders,kflinders30@paginegialle.it,Male,65.195.143.245
1210,Averil,Smales,asmales31@kickstarter.com,Male,203.160.137.88
1211,Deeyn,Tims,dtims32@domainmarket.com,Female,30.191.113.237
1212,Chrotoem,Woodwin,cwoodwin33@prlog.org,Male,96.127.160.50
1213,Wendi,Hunte,whunte34@bbc.co.uk,Female,42.136.96.128
1214,Calhoun,Fonte,cfonte35@purevolume.com,Polygender,144.32.133.190
1215,Cully,Cubbino,ccubbino36@yellowpages.com,Male,92.81.197.35
1216,Jasper,Gateshill,jgateshill37@techcrunch.com,Male,83.79.42.57
1217,Terri-jo,Roderham,troderham38@eepurl.com,Female,144.32.5.51
1218,Tabb,Pizzey,tpizzey39@twitter.com,Male,237.70.172.13
1219,Ashlan,Rodell,arodell3a@smugmug.com,Female,124.33.166.176
1220,Michail,Moffatt,mmoffatt3b@webeden.co.uk,Male,139.23.7.241
1221,Rosalynd,Venes,rvenes3c@linkedin.com,Female,9.246.6.110
1222,Rickey,Cudde,rcudde3d@hhs.gov,Male,91.38.5.100
1223,Emanuel,Borges,eborges3e@google.ru,Male,70.174.105.194
1224,Bell,Jammes,bjammes3f@rakuten.co.jp,Female,159.144.51.68
1225,Christoper,Tackell,ctackell3g@tripod.com,Male,132.189.173.159
1226,Jacky,Kees,jkees3h@about.com,Female,209.161.141.166
1227,Genevra,Pattisson,gpattisson3i@flickr.com,Female,62.124.54.64
1228,Wittie,Bendall,wbendall3j@constantcontact.com,Male,146.185.121.124
1229,Beverly,Zoanetti,bzoanetti3k@trellian.com,Female,1.7.237.117
1230,Barbette,Rainbow,brainbow3l@examiner.com,Female,194.94.105.218
1231,Claudine,Narramor,cnarramor3m@cpanel.net,Female,80.68.161.27
1232,Tully,Stoffer,tstoffer3n@unc.edu,Agender,61.104.227.9
1233,Susannah,Capini,scapini3o@liveinternet.ru,Polygender,101.222.221.168
1234,Jeramie,Pott,jpott3p@studiopress.com,Male,168.10.249.200
1235,Benedick,Ellams,bellams3q@angelfire.com,Non-binary,111.253.155.186
1236,Fedora,Dilnot,fdilnot3r@amazon.de,Female,83.63.74.13
1237,Bee,Kief,bkief3s@narod.ru,Female,213.122.255.79
1238,Kylynn,Bruins,kbruins3t@admin.ch,Female,214.208.226.225
1239,Frayda,Biskupski,fbiskupski3u@wp.com,Female,189.53.178.59
1240,Dario,Pietrzak,dpietrzak3v@omniture.com,Bigender,154.61.158.104
1241,Melva,Tedahl,mtedahl3w@wsj.com,Female,239.129.59.174
1242,Raynor,Grishinov,rgrishinov3x@ibm.com,Male,187.170.115.4
1243,Lemmie,Ilett,lilett3y@cnbc.com,Polygender,76.102.121.114
1244,Amabel,Gilbank,agilbank3z@gmpg.org,Female,248.119.223.113
1245,Adria,Brameld,abrameld40@reference.com,Female,1.54.111.3
1246,Ruperto,Ohlsen,rohlsen41@sun.com,Male,44.2.203.27
1247,Wilma,Simonetto,wsimonetto42@cbsnews.com,Genderqueer,171.91.222.238
1248,Otes,Blacklock,oblacklock43@engadget.com,Male,24.71.97.37
1249,Isahella,Di Claudio,idiclaudio44@soundcloud.com,Female,79.63.7.240
1250,Bernard,Derington,bderington45@reddit.com,Male,187.232.219.97
1251,Nick,Bayman,nbayman46@simplemachines.org,Male,84.102.103.79
1252,Suzanna,Miliffe,smiliffe47@bluehost.com,Female,192.115.139.131
1253,Gustie,Salzberg,gsalzberg48@youku.com,Female,26.27.74.37
1254,Odelia,Dryden,odryden49@theatlantic.com,Female,121.76.75.225
1255,Lucias,Gerant,lgerant4a@studiopress.com,Male,0.190.155.76
1256,Evie,Kalinovich,ekalinovich4b@yandex.ru,Female,247.245.7.55
1257,Tabitha,Hoppner,thoppner4c@shareasale.com,Female,15.197.67.104
1258,Huntlee,Moffett,hmoffett4d@addthis.com,Male,221.106.115.169
1259,Gerianne,Beale,gbeale4e@google.de,Female,44.193.87.205
1260,Diahann,Sloyan,dsloyan4f@vk.com,Agender,98.76.134.51
1261,Opal,Boddy,oboddy4g@networksolutions.com,Genderqueer,81.250.246.195
1262,Red,Bellward,rbellward4h@dropbox.com,Male,21.18.52.186
1263,Francois,Hackelton,fhackelton4i@reference.com,Male,117.221.141.50
1264,Chloe,Blew,cblew4j@earthlink.net,Female,143.38.61.228
1265,Eugenius,Ellar,eellar4k@sciencedirect.com,Male,7.237.79.193
1266,Sebastian,Folkerts,sfolkerts4l@constantcontact.com,Male,66.151.226.15
1267,Nathalia,Ledington,nledington4m@ycombinator.com,Female,165.180.200.225
1268,Winnie,Piatto,wpiatto4n@cmu.edu,Female,1.22.5.106
1269,Lilah,Polack,lpolack4o@cafepress.com,Genderqueer,228.94.216.31
1270,Jacintha,Jakubski,jjakubski4p@altervista.org,Female,71.241.41.25
1271,Kym,Simcoe,ksimcoe4q@livejournal.com,Female,70.56.29.253
1272,Thorndike,Eakin,teakin4r@dailymail.co.uk,Male,38.66.153.84
1273,Dalia,Enos,denos4s@networksolutions.com,Female,125.130.24.229
1274,Estell,Coulter,ecoulter4t@yolasite.com,Bigender,157.49.66.157
1275,Zarla,Stellman,zstellman4u@dedecms.com,Female,84.75.68.5
1276,Lisa,Sweedland,lsweedland4v@linkedin.com,Female,36.53.163.178
1277,Bordy,Liddon,bliddon4w@delicious.com,Non-binary,38.110.143.144
1278,Benn,Rutledge,brutledge4x@vk.com,Male,189.57.97.224
1279,Steven,McAneny,smcaneny4y@prlog.org,Male,101.206.220.201
1280,Pieter,De Vile,pdevile4z@fc2.com,Male,243.34.114.254
1281,Russell,Wolfendale,rwolfendale50@hhs.gov,Male,72.116.184.219
1282,Luise,Arter,larter51@e-recht24.de,Female,223.105.167.224
1283,Mehetabel,Medendorp,mmedendorp52@1688.com,Female,201.122.87.170
1284,Tito,Lapthorne,tlapthorne53@yellowpages.com,Male,250.251.179.174
1285,Chance,Mandrier,cmandrier54@bbc.co.uk,Male,200.40.138.73
1286,Devora,Giacobillo,dgiacobillo55@unicef.org,Female,141.38.46.72
1287,Kattie,Claxson,kclaxson56@barnesandnoble.com,Female,202.1.58.11
1288,Sandra,Chappel,schappel57@indiegogo.com,Female,191.75.48.25
1289,Denver,Hutchence,dhutchence58@webmd.com,Male,52.120.30.238
1290,Smith,Dudderidge,sdudderidge59@sbwire.com,Male,19.50.86.167
1291,Consuela,Mallon,cmallon5a@mayoclinic.com,Female,124.148.156.96
1292,Euphemia,Capelin,ecapelin5b@google.com.hk,Female,84.164.173.200
1293,Codi,Westwater,cwestwater5c@moonfruit.com,Polygender,221.170.83.227
1294,Alvina,Montez,amontez5d@sourceforge.net,Female,70.176.244.94
1295,Merilee,Grout,mgrout5e@skyrock.com,Female,174.165.31.139
1296,Evangeline,Autrie,eautrie5f@phoca.cz,Female,65.102.165.157
1297,Matthias,Jeffry,mjeffry5g@moonfruit.com,Male,237.18.142.74
1298,Pearline,Olivo,polivo5h@imageshack.us,Female,45.18.79.54
1299,Jorrie,Strainge,jstrainge5i@jugem.jp,Female,215.140.231.86
1300,Giselbert,Lorens,glorens5j@who.int,Male,246.42.37.89
1301,Rheba,Bremond,rbremond5k@yellowbook.com,Female,132.53.102.239
1302,Una,Abramowitz,uabramowitz5l@aol.com,Female,38.98.149.23
1303,Lina,Preece,lpreece5m@pinterest.com,Female,153.235.131.29
1304,Vernor,Bulfield,vbulfield5n@usgs.gov,Male,141.118.47.168
1305,Derrik,Spoole,dspoole5o@squarespace.com,Male,53.92.31.17
1306,Lorrayne,Boundley,lboundley5p@reference.com,Female,33.40.199.135
1307,Brod,Khristyukhin,bkhristyukhin5q@constantcontact.com,Male,70.194.213.14
1308,Pinchas,Paydon,ppaydon5r@skype.com,Male,78.68.106.43
1309,Thedrick,Goldsby,tgoldsby5s@360.cn,Male,139.194.31.150
1310,Kelly,Huckabe,khuckabe5t@mlb.com,Bigender,250.26.79.14
1311,Tremaine,Toghill,ttoghill5u@wikispaces.com,Male,235.73.97.190
1312,Kerwin,Patzelt,kpatzelt5v@w3.org,Male,169.116.61.33
1313,Janette,Varnals,jvarnals5w@joomla.org,Female,219.162.167.201
1314,Beulah,Gorries,bgorries5x@parallels.com,Female,157.5.59.81
1315,Shea,Bettam,sbettam5y@twitter.com,Female,133.225.118.249
1316,Heddi,Disbrey,hdisbrey5z@yandex.ru,Female,249.21.186.168
1317,Theresa,Charlin,tcharlin60@latimes.com,Female,139.27.48.34
1318,Lib,Berns,lberns61@i2i.jp,Female,217.206.128.155
1319,Tremayne,Ledram,tledram62@meetup.com,Agender,194.78.213.234
1320,Jake,Frankcomb,jfrankcomb63@accuweather.com,Male,141.209.189.16
1321,Conny,Goublier,cgoublier64@123-reg.co.uk,Male,138.54.22.226
1322,Astra,Comport,acomport65@archive.org,Female,234.183.167.46
1323,Ginni,Dautry,gdautry66@surveymonkey.com,Female,188.248.14.19
1324,Carina,Jaggar,cjaggar67@hp.com,Female,20.122.7.203
1325,Oralee,Sturridge,osturridge68@shutterfly.com,Female,47.49.11.188
1326,Dulcine,Yukhov,dyukhov69@1und1.de,Female,79.254.176.149
1327,Peria,Klain,pklain6a@google.co.uk,Female,19.177.206.199
1328,Eleen,Gandey,egandey6b@cbslocal.com,Female,201.207.68.105
1329,Alison,Montgomery,amontgomery6c@tripod.com,Female,197.234.238.196
1330,Kacy,Elsey,kelsey6d@house.gov,Female,102.140.175.15
1331,Wallache,Dallaghan,wdallaghan6e@va.gov,Male,194.197.194.196
1332,Amaleta,Wakeley,awakeley6f@miitbeian.gov.cn,Female,163.34.205.29
1333,Odelle,Petkovic,opetkovic6g@etsy.com,Female,194.188.59.222
1334,Leeland,Ulyet,lulyet6h@uol.com.br,Male,39.52.147.27
1335,Davon,Mulrooney,dmulrooney6i@dion.ne.jp,Male,44.125.123.207
1336,Clair,Andrysek,candrysek6j@ted.com,Female,7.138.96.97
1337,Joete,Skingley,jskingley6k@fda.gov,Non-binary,178.167.117.68
1338,Philis,Bannell,pbannell6l@reference.com,Female,84.35.149.245
1339,Veronika,Morsom,vmorsom6m@dagondesign.com,Female,206.182.1.3
1340,Christiane,Giannazzi,cgiannazzi6n@google.co.uk,Female,2.171.56.32
1341,Silvain,Swayton,sswayton6o@symantec.com,Male,54.226.88.52
1342,Klara,Sindall,ksindall6p@paypal.com,Female,245.25.172.158
1343,Michelina,Jukes,mjukes6q@alibaba.com,Female,231.25.220.212
1344,Lemmie,Goodburn,lgoodburn6r@lycos.com,Male,189.9.112.31
1345,Addie,Screase,ascrease6s@dion.ne.jp,Male,180.38.239.224
1346,Tersina,Nendick,tnendick6t@biglobe.ne.jp,Female,44.109.231.33
1347,Ade,Heyworth,aheyworth6u@tripadvisor.com,Male,67.127.145.44
1348,Jakob,Noulton,jnoulton6v@pcworld.com,Male,55.230.130.198
1349,Emmalynn,Franscioni,efranscioni6w@netscape.com,Female,154.119.75.95
1350,Rikki,Lemery,rlemery6x@feedburner.com,Male,103.185.146.38
1351,Shalne,Kellard,skellard6y@seesaa.net,Female,90.235.36.2
1352,Nettle,Lewsey,nlewsey6z@ehow.com,Female,171.33.103.181
1353,Petronille,Dye,pdye70@marketwatch.com,Genderqueer,77.206.235.31
1354,Cello,Lewton,clewton71@a8.net,Male,108.127.226.187
1355,Rab,McKendo,rmckendo72@hc360.com,Male,225.43.194.108
1356,Alwin,Rozenzweig,arozenzweig73@bloglovin.com,Male,174.169.71.107
1357,Vernen,Rizzotto,vrizzotto74@github.io,Male,76.44.51.23
1358,Harv,Fills,hfills75@discovery.com,Male,226.94.15.184
1359,Devlin,Trippitt,dtrippitt76@de.vu,Male,226.79.33.169
1360,Jorie,Cholwell,jcholwell77@hostgator.com,Female,54.152.30.248
1361,Kimble,Iannini,kiannini78@ox.ac.uk,Male,205.218.15.101
1362,Blaine,Burnie,bburnie79@geocities.jp,Male,161.33.235.184
1363,Afton,Rentalll,arentalll7a@histats.com,Female,62.66.204.93
1364,Ripley,Cockill,rcockill7b@google.fr,Male,140.201.10.213
1365,Laureen,Renhard,lrenhard7c@gizmodo.com,Female,29.187.50.191
1366,Garth,Huster,ghuster7d@mlb.com,Male,172.152.222.211
1367,Lyda,Pluck,lpluck7e@over-blog.com,Agender,84.22.107.191
1368,Selby,Neilands,sneilands7f@accuweather.com,Male,148.84.50.239
1369,Fielding,Luna,fluna7g@addthis.com,Male,201.195.137.229
1370,Stanislaus,Chadd,schadd7h@ucla.edu,Male,115.157.249.49
1371,Sonia,Doldon,sdoldon7i@upenn.edu,Female,203.50.41.131
1372,Farley,Headings,fheadings7j@paginegialle.it,Male,132.33.185.174
1373,Tomasine,Hansana,thansana7k@sun.com,Female,90.9.128.48
1374,Siana,Hawkswood,shawkswood7l@taobao.com,Female,92.79.2.179
1375,Jo,Boutellier,jboutellier7m@wikispaces.com,Male,137.59.168.198
1376,Dominica,Thomton,dthomton7n@sciencedaily.com,Female,11.176.151.249
1377,Margi,Menendes,mmenendes7o@biblegateway.com,Female,127.116.150.173
1378,Ellis,Waber,ewaber7p@chicagotribune.com,Non-binary,162.36.231.27
1379,Aili,Everingham,aeveringham7q@state.gov,Female,25.117.135.205
1380,Ferdy,Kimblin,fkimblin7r@yellowpages.com,Male,69.127.78.165
1381,Lisetta,Meadus,lmeadus7s@hp.com,Female,73.207.170.181
1382,Tillie,Seleway,tseleway7t@indiegogo.com,Female,51.72.47.194
1383,Gabriele,Howselee,ghowselee7u@marketwatch.com,Male,50.220.24.157
1384,Maris,Steeden,msteeden7v@163.com,Female,86.135.124.166
1385,Randi,Steaning,rsteaning7w@altervista.org,Male,189.52.59.54
1386,Phoebe,Gaskoin,pgaskoin7x@columbia.edu,Female,72.247.56.222
1387,Randall,Mariotte,rmariotte7y@bbc.co.uk,Male,101.84.169.92
1388,Anna-maria,Hurd,ahurd7z@columbia.edu,Female,14.104.40.95
1389,Hetti,Stammler,hstammler80@jimdo.com,Female,12.117.236.224
1390,Richard,Gledhall,rgledhall81@blinklist.com,Male,242.26.113.222
1391,Rita,How to preserve,rhowtopreserve82@vistaprint.com,Female,44.91.9.22
1392,Silas,Joyes,sjoyes83@webmd.com,Male,79.232.205.78
1393,Worthy,Roney,wroney84@liveinternet.ru,Male,182.52.149.45
1394,Chloe,Hanna,channa85@freewebs.com,Female,34.5.133.112
1395,Effie,De Ambrosi,edeambrosi86@clickbank.net,Female,243.89.73.128
1396,Dev,Dinsale,ddinsale87@sfgate.com,Male,227.22.55.134
1397,Lib,Gaylord,lgaylord88@google.co.jp,Female,208.153.23.121
1398,Tucker,Woan,twoan89@vimeo.com,Male,211.115.112.213
1399,Crissy,Ladds,cladds8a@4shared.com,Female,227.224.179.219
1400,Maryellen,Buzine,mbuzine8b@zdnet.com,Female,113.80.186.35
1401,Errol,Cinderey,ecinderey8c@t.co,Male,251.234.28.2
1402,Harwell,Burgum,hburgum8d@flickr.com,Male,80.52.55.254
1403,Berti,Cannam,bcannam8e@storify.com,Male,210.55.238.92
1404,Stacee,Gingle,sgingle8f@gravatar.com,Female,104.249.188.202
1405,Jere,Ivantyev,jivantyev8g@patch.com,Female,14.199.201.108
1406,Syd,Shields,sshields8h@cbsnews.com,Male,52.3.87.35
1407,Clayborne,Jeandillou,cjeandillou8i@topsy.com,Male,102.240.13.35
1408,Maible,Galtone,mgaltone8j@altervista.org,Polygender,25.72.255.115
1409,Yoko,Fletcher,yfletcher8k@dot.gov,Female,90.84.233.167
1410,Sigmund,Domeny,sdomeny8l@upenn.edu,Male,52.245.218.160
1411,Sterne,Hackinge,shackinge8m@cafepress.com,Male,76.46.149.114
1412,Quent,Madgewick,qmadgewick8n@ifeng.com,Male,10.33.241.34
1413,Benni,Wittey,bwittey8o@ox.ac.uk,Female,70.32.234.209
1414,Enrico,Boorer,eboorer8p@soup.io,Male,54.184.217.16
1415,Rafi,De Fries,rdefries8q@moonfruit.com,Male,240.175.94.105
1416,Milena,Maddrell,mmaddrell8r@sphinn.com,Female,175.154.161.89
1417,Susy,Marl,smarl8s@amazon.com,Female,103.12.171.21
1418,Magdaia,Bouchier,mbouchier8t@elegantthemes.com,Female,115.90.143.130
1419,Kizzie,Meldrum,kmeldrum8u@microsoft.com,Female,227.244.42.9
1420,Quillan,Warner,qwarner8v@nps.gov,Male,211.130.15.23
1421,Granny,Braxay,gbraxay8w@irs.gov,Male,58.129.53.172
1422,Caitlin,Kerrigan,ckerrigan8x@quantcast.com,Female,35.134.175.204
1423,Matthus,McAuslan,mmcauslan8y@artisteer.com,Male,90.72.64.23
1424,Royal,Lonsdale,rlonsdale8z@wordpress.org,Male,78.177.82.39
1425,Wendell,Kencott,wkencott90@chron.com,Male,10.118.240.69
1426,Alyda,Dooher,adooher91@a8.net,Female,25.220.23.245
1427,Lonna,Hellings,lhellings92@bravesites.com,Female,51.123.78.54
1428,Phillipe,Giraudo,pgiraudo93@histats.com,Male,220.46.29.25
1429,Talyah,Edwins,tedwins94@earthlink.net,Female,244.128.158.86
1430,Marijo,Battison,mbattison95@biglobe.ne.jp,Female,218.189.132.61
1431,Lyndell,Worledge,lworledge96@spotify.com,Female,27.254.51.4
1432,Andee,Mattersey,amattersey97@gmpg.org,Female,88.56.144.218
1433,Averell,Proughten,aproughten98@xrea.com,Male,141.203.197.132
1434,Bernardo,Hazle,bhazle99@tiny.cc,Male,122.126.127.248
1435,Elnar,Lyosik,elyosik9a@hatena.ne.jp,Genderfluid,174.189.207.57
1436,Marris,MacGarvey,mmacgarvey9b@zdnet.com,Female,95.244.90.80
1437,Tony,Basketfield,tbasketfield9c@mail.ru,Genderfluid,82.10.186.58
1438,Grange,Bartomieu,gbartomieu9d@prnewswire.com,Male,134.92.244.171
1439,Cyrillus,Suffe,csuffe9e@sciencedaily.com,Male,142.202.110.164
1440,Clementina,Rattenbury,crattenbury9f@gnu.org,Female,9.232.117.35
1441,Marci,Gunda,mgunda9g@topsy.com,Female,62.33.201.217
1442,Horatio,Cowsby,hcowsby9h@washingtonpost.com,Male,141.233.105.46
1443,Conni,Mont,cmont9i@nature.com,Female,228.96.47.79
1444,Petey,Durman,pdurman9j@privacy.gov.au,Male,191.1.131.10
1445,Ada,Botham,abotham9k@time.com,Female,49.185.96.212
1446,Normand,Ludlam,nludlam9l@technorati.com,Male,108.207.126.248
1447,Cayla,Antao,cantao9m@mediafire.com,Agender,5.59.79.182
1448,Isiahi,Bartel,ibartel9n@soup.io,Male,112.37.222.51
1449,Judd,Doylend,jdoylend9o@stanford.edu,Genderfluid,37.30.27.154
1450,Ferdinande,Blowfelde,fblowfelde9p@tinypic.com,Female,164.245.81.49
1451,Lanita,Norgan,lnorgan9q@de.vu,Female,64.205.80.1
1452,Mickey,Lelliott,mlelliott9r@npr.org,Male,48.21.27.5
1453,Chrysler,Dannohl,cdannohl9s@cocolog-nifty.com,Agender,96.72.151.112
1454,Gates,Santino,gsantino9t@about.me,Female,40.205.109.120
1455,Hadleigh,Dartnall,hdartnall9u@webnode.com,Male,92.75.208.218
1456,Connie,Van der Hoeven,cvanderhoeven9v@epa.gov,Male,24.18.222.23
1457,Sigismond,Stanesby,sstanesby9w@foxnews.com,Male,214.164.92.106
1458,Sheffie,Kruszelnicki,skruszelnicki9x@arstechnica.com,Male,224.255.230.145
1459,Maure,Minto,mminto9y@bing.com,Female,45.85.36.100
1460,Marlo,Crawshaw,mcrawshaw9z@istockphoto.com,Female,130.237.10.5
1461,Bella,Ilyasov,bilyasova0@wp.com,Female,23.100.49.224
1462,Carter,Napoleone,cnapoleonea1@opera.com,Male,41.46.77.96
1463,Ryley,Boakes,rboakesa2@theglobeandmail.com,Male,190.159.202.24
1464,Barth,Comellini,bcomellinia3@amazon.de,Male,81.216.209.217
1465,Valerye,Lankham,vlankhama4@livejournal.com,Female,15.115.225.126
1466,Lenard,McTeague,lmcteaguea5@wikimedia.org,Male,110.205.113.152
1467,Dodi,Attock,dattocka6@goo.gl,Female,43.30.139.25
1468,Frederique,Chappelow,fchappelowa7@wisc.edu,Female,50.156.44.163
1469,Sandy,Stennard,sstennarda8@vistaprint.com,Male,231.251.248.41
1470,Minor,Catchpole,mcatchpolea9@umich.edu,Male,196.30.169.20
1471,Annabel,Grennan,agrennanaa@yellowpages.com,Female,161.115.26.76
1472,Yale,Hair,yhairab@ebay.co.uk,Male,17.243.143.186
1473,Cleon,Shillam,cshillamac@timesonline.co.uk,Male,14.17.218.156
1474,Tamera,Gentreau,tgentreauad@spotify.com,Female,44.103.136.143
1475,Esteban,Normabell,enormabellae@theguardian.com,Male,83.90.73.199
1476,Merle,Kuschel,mkuschelaf@comsenz.com,Female,186.176.205.18
1477,Ingelbert,Inott,iinottag@ihg.com,Male,88.119.10.93
1478,Flossy,Bouller,fboullerah@cbsnews.com,Female,221.59.173.249
1479,Marris,Caris,mcarisai@japanpost.jp,Female,244.85.36.191
1480,Elsy,Sayer,esayeraj@clickbank.net,Female,162.80.109.45
1481,Natalee,Whipp,nwhippak@bravesites.com,Female,16.134.65.89
1482,Cassondra,Gallardo,cgallardoal@plala.or.jp,Female,119.235.60.113
1483,Woodrow,Corain,wcorainam@cnbc.com,Polygender,157.255.238.109
1484,Kass,Sate,ksatean@51.la,Female,124.68.185.162
1485,Happy,Bedell,hbedellao@angelfire.com,Female,179.88.8.83
1486,Tabb,Struys,tstruysap@un.org,Male,90.244.106.241
1487,Cordelia,Bauckham,cbauckhamaq@ow.ly,Female,249.34.42.214
1488,Abdel,Ludlow,aludlowar@intel.com,Male,39.202.255.131
1489,Gwyn,Udell,gudellas@rambler.ru,Female,240.55.25.246
1490,Hamilton,Kingstne,hkingstneat@army.mil,Male,71.104.236.240
1491,Jennette,Hazeley,jhazeleyau@devhub.com,Female,138.125.215.63
1492,Kellyann,Caulcutt,kcaulcuttav@google.com.au,Female,46.114.127.174
1493,Ros,Bankes,rbankesaw@acquirethisname.com,Female,157.114.28.93
1494,Anderson,Durbann,adurbannax@sun.com,Male,95.76.235.107
1495,Tull,Marion,tmarionay@who.int,Male,25.188.160.209
1496,Koo,Easum,keasumaz@patch.com,Female,195.106.162.86
1497,Anetta,Hatch,ahatchb0@livejournal.com,Female,202.214.176.32
1498,Emelyne,Skirvin,eskirvinb1@techcrunch.com,Female,121.86.40.86
1499,Brocky,Sydes,bsydesb2@shareasale.com,Agender,132.173.229.30
1500,Baudoin,Terrell,bterrellb3@mlb.com,Male,2.245.160.1
1501,Melisande,Peasee,mpeaseeb4@wufoo.com,Female,236.5.191.37
1502,Regine,Shovelbottom,rshovelbottomb5@bing.com,Female,203.105.137.96
1503,Anthia,O'Nions,aonionsb6@csmonitor.com,Female,212.57.100.192
1504,Beilul,Cavee,bcaveeb7@bizjournals.com,Female,182.207.120.77
1505,Edgardo,Cordelette,ecordeletteb8@sbwire.com,Male,239.29.223.57
1506,Giustino,Ranken,grankenb9@netscape.com,Male,40.233.127.80
1507,Harwell,Hernik,hhernikba@moonfruit.com,Male,251.111.166.108
1508,Ban,Kilian,bkilianbb@about.me,Bigender,133.238.45.19
1509,Gerty,Boniface,gbonifacebc@census.gov,Female,163.244.155.14
1510,Wade,Longden,wlongdenbd@homestead.com,Male,79.214.162.20
1511,Jock,Stump,jstumpbe@zdnet.com,Male,32.175.197.219
1512,Gallagher,Enrrico,genrricobf@g.co,Male,114.40.122.79
1513,Lewes,Rawlyns,lrawlynsbg@bandcamp.com,Male,27.46.35.7
1514,Tabina,Facchini,tfacchinibh@godaddy.com,Female,225.194.163.8
1515,Jolene,Muckle,jmucklebi@stanford.edu,Female,233.83.234.64
1516,Luis,Belfield,lbelfieldbj@yellowpages.com,Male,150.85.43.184
1517,Ricki,Fitzsymon,rfitzsymonbk@ihg.com,Male,159.16.63.173
1518,Dru,De Simone,ddesimonebl@blogs.com,Male,80.21.225.62
1519,Caitrin,Jeenes,cjeenesbm@bloglovin.com,Female,41.251.88.118
1520,Jen,Tobin,jtobinbn@php.net,Female,11.150.144.149
1521,Giselle,Hingeley,ghingeleybo@walmart.com,Non-binary,243.237.197.9
1522,Emmit,Saffer,esafferbp@bing.com,Male,158.6.17.111
1523,Tomlin,Wilcher,twilcherbq@blogger.com,Genderqueer,136.149.11.181
1524,Harmon,Whelpdale,hwhelpdalebr@e-recht24.de,Male,162.71.237.203
1525,Suzi,Minker,sminkerbs@prnewswire.com,Female,165.78.109.118
1526,Waiter,Copping,wcoppingbt@slashdot.org,Male,8.213.86.41
1527,Ozzie,Bello,obellobu@ihg.com,Male,216.66.191.232
1528,Hillary,Gaylor,hgaylorbv@seesaa.net,Female,22.176.248.144
1529,Roanna,Batchelder,rbatchelderbw@admin.ch,Female,242.110.36.26
1530,Shae,Dumphry,sdumphrybx@nhs.uk,Male,121.131.180.191
1531,Lilith,Heatley,lheatleyby@walmart.com,Female,80.153.128.156
1532,Rikki,Stille,rstillebz@state.gov,Male,111.206.48.18
1533,Deerdre,Sydry,dsydryc0@geocities.jp,Female,182.181.135.15
1534,Vanna,Tinklin,vtinklinc1@tiny.cc,Female,218.205.228.143
1535,Griffin,Rene,grenec2@feedburner.com,Polygender,45.194.126.17
1536,Alison,Harrill,aharrillc3@typepad.com,Female,254.38.95.35
1537,Francklyn,Center,fcenterc4@spotify.com,Male,93.123.174.162
1538,Toiboid,Labbet,tlabbetc5@marketwatch.com,Male,233.187.179.142
1539,Daffi,Huntall,dhuntallc6@epa.gov,Female,87.123.224.138
1540,Koren,Brittoner,kbrittonerc7@fc2.com,Female,156.36.7.151
1541,Mackenzie,Averies,maveriesc8@amazon.co.uk,Agender,25.251.117.124
1542,Tracy,Murrow,tmurrowc9@about.me,Male,61.6.242.79
1543,Greg,Stapleton,gstapletonca@barnesandnoble.com,Male,73.217.21.213
1544,Moria,Andrieux,mandrieuxcb@chronoengine.com,Female,47.159.229.253
1545,Catherine,Margetson,cmargetsoncc@businessweek.com,Female,57.177.166.13
1546,Elden,Swinyard,eswinyardcd@shop-pro.jp,Male,117.200.106.53
1547,Rolph,Senchenko,rsenchenkoce@artisteer.com,Male,62.204.198.159
1548,Dunstan,Reside,dresidecf@livejournal.com,Male,164.15.57.227
1549,Phillis,Pitrasso,ppitrassocg@163.com,Non-binary,137.242.219.92
1550,Burton,Pirdy,bpirdych@infoseek.co.jp,Male,92.21.239.51
1551,Gertrude,Erbe,gerbeci@salon.com,Female,224.29.137.222
1552,Roderick,Siley,rsileycj@webs.com,Male,88.81.226.51
1553,Abram,Haddinton,ahaddintonck@mtv.com,Male,108.72.184.188
1554,Bernie,Pratt,bprattcl@unesco.org,Female,220.150.177.12
1555,Standford,Merkle,smerklecm@nba.com,Male,167.158.186.11
1556,Randi,O'Hartnett,rohartnettcn@independent.co.uk,Female,66.61.161.111
1557,Zitella,Balffye,zbalffyeco@webmd.com,Female,127.87.89.81
1558,Laetitia,Alwell,lalwellcp@mac.com,Female,51.181.126.190
1559,Nicola,Janicek,njanicekcq@is.gd,Female,21.37.1.114
1560,Verge,Russam,vrussamcr@ocn.ne.jp,Male,123.36.31.55
1561,Wileen,Maryska,wmaryskacs@amazon.com,Female,109.88.238.96
1562,Lindie,Falla,lfallact@google.com.hk,Genderqueer,247.141.194.109
1563,Timofei,Habgood,thabgoodcu@fda.gov,Genderqueer,216.71.92.59
1564,Marion,Coulsen,mcoulsencv@examiner.com,Male,121.167.170.252
1565,Hadlee,Vasilischev,hvasilischevcw@issuu.com,Male,91.113.33.247
1566,Caleb,Prickett,cprickettcx@theguardian.com,Male,134.72.126.210
1567,Base,Mathiassen,bmathiassency@tumblr.com,Male,55.238.38.89
1568,Bidget,Morshead,bmorsheadcz@w3.org,Female,132.207.174.216
1569,Sky,Offield,soffieldd0@nationalgeographic.com,Male,89.108.36.82
1570,Devinne,Balding,dbaldingd1@edublogs.org,Polygender,171.102.101.230
1571,Taber,Vergo,tvergod2@example.com,Male,206.79.133.53
1572,Ofilia,Le Marquand,olemarquandd3@pcworld.com,Female,229.196.182.208
1573,Yurik,Ringham,yringhamd4@opensource.org,Bigender,12.228.215.74
1574,Christy,Fabbro,cfabbrod5@xing.com,Male,7.154.181.210
1575,Stefania,Iddy,siddyd6@printfriendly.com,Female,117.66.16.28
1576,Wendall,Fishenden,wfishendend7@blogspot.com,Male,152.138.188.20
1577,Corri,Zohrer,czohrerd8@dot.gov,Female,89.212.33.193
1578,Stirling,Rajchert,srajchertd9@4shared.com,Male,52.177.111.62
1579,Papagena,Thurling,pthurlingda@dagondesign.com,Female,186.168.193.35
1580,Conant,Iacovini,ciacovinidb@salon.com,Male,3.220.43.26
1581,Paulette,Wiper,pwiperdc@linkedin.com,Female,109.154.252.67
1582,Hadrian,Hammill,hhammilldd@nba.com,Male,201.227.109.222
1583,Fionna,Wightman,fwightmande@tiny.cc,Female,52.49.63.225
1584,Pace,Iuorio,piuoriodf@hugedomains.com,Male,115.69.131.148
1585,Raina,Pinder,rpinderdg@foxnews.com,Female,84.159.183.197
1586,Hendrik,Aked,hakeddh@imageshack.us,Male,94.131.233.249
1587,Ginelle,Blainey,gblaineydi@sina.com.cn,Female,54.201.228.100
1588,Suzanne,Durham,sdurhamdj@cbc.ca,Female,254.81.74.72
1589,Case,McEwan,cmcewandk@unicef.org,Bigender,44.82.211.97
1590,Molly,Morpeth,mmorpethdl@abc.net.au,Female,43.145.249.147
1591,Lynett,Scone,lsconedm@lulu.com,Female,55.48.175.157
1592,Emma,Goard,egoarddn@nih.gov,Female,201.180.155.179
1593,Rance,Stryde,rstrydedo@opensource.org,Male,178.237.250.216
1594,Tome,Jorissen,tjorissendp@purevolume.com,Male,176.249.224.242
1595,Joanie,Gulc,jgulcdq@webeden.co.uk,Female,8.227.248.207
1596,Duffie,Yoakley,dyoakleydr@umn.edu,Male,65.140.33.10
1597,Carmon,Henfre,chenfreds@psu.edu,Female,147.231.46.179
1598,Selena,Pardal,spardaldt@theguardian.com,Female,110.173.94.214
1599,Sherman,Lambal,slambaldu@rediff.com,Male,108.244.96.118
1600,Conn,Ferrers,cferrersdv@wunderground.com,Male,166.190.220.29
1601,Brianne,Fradson,bfradsondw@amazon.com,Female,76.116.211.32
1602,Wenda,Veck,wveckdx@usgs.gov,Female,112.201.239.83
1603,Myrtia,Minger,mmingerdy@homestead.com,Female,250.145.31.59
1604,Georas,McCahey,gmccaheydz@google.com,Male,242.69.223.219
1605,Philipa,Bensley,pbensleye0@stanford.edu,Female,148.61.38.143
1606,Sanderson,Snellman,ssnellmane1@arizona.edu,Polygender,160.71.177.52
1607,Rollin,Thunderman,rthundermane2@over-blog.com,Male,197.244.5.212
1608,Dallas,Plaistowe,dplaistowee3@weather.com,Female,248.155.195.204
1609,Xenos,Monnoyer,xmonnoyere4@google.co.jp,Male,34.98.9.106
1610,Lyle,Gealy,lgealye5@apache.org,Male,240.118.111.187
1611,Morgana,Caven,mcavene6@amazon.co.uk,Female,97.143.248.192
1612,Phillipe,Hollyar,phollyare7@google.pl,Male,48.202.160.227
1613,Newton,Burlingham,nburlinghame8@harvard.edu,Male,105.246.112.0
1614,Andreas,Brabben,abrabbene9@wunderground.com,Male,85.153.182.220
1615,Dorolisa,Sommerton,dsommertonea@desdev.cn,Agender,141.51.210.170
1616,Blane,Mateu,bmateueb@cargocollective.com,Male,56.228.220.251
1617,Aviva,Matyatin,amatyatinec@google.com,Polygender,43.48.240.205
1618,Kenton,Flye,kflyeed@army.mil,Male,2.47.105.214
1619,Barnaby,De Giorgis,bdegiorgisee@cbslocal.com,Male,192.25.243.196
1620,Ros,Faunt,rfauntef@shareasale.com,Female,226.7.202.232
1621,Genovera,Maker,gmakereg@youtube.com,Female,60.65.150.25
1622,Ulrich,Losty,ulostyeh@lulu.com,Male,203.164.0.220
1623,Mort,Dreger,mdregerei@dyndns.org,Male,193.191.115.174
1624,Hogan,Lattos,hlattosej@gravatar.com,Male,11.67.226.230
1625,Gilburt,Birdsey,gbirdseyek@livejournal.com,Male,156.116.99.96
1626,Marchall,Gaskamp,mgaskampel@mayoclinic.com,Male,8.220.2.10
1627,Werner,Bassil,wbassilem@com.com,Male,99.99.27.99
1628,Nady,Bauchop,nbauchopen@cdc.gov,Female,50.251.110.227
1629,Lorilee,Steenson,lsteensoneo@livejournal.com,Female,244.54.113.243
1630,Reinwald,Blanque,rblanqueep@topsy.com,Male,106.132.24.146
1631,Tedie,Vondruska,tvondruskaeq@vk.com,Male,251.140.151.3
1632,Fidelity,Delicate,fdelicateer@php.net,Female,206.133.170.139
1633,Aime,McCrie,amccriees@sohu.com,Female,1.51.169.253
1634,Onofredo,Matthiae,omatthiaeet@diigo.com,Male,166.113.233.60
1635,Lucy,Folder,lfoldereu@flickr.com,Female,175.78.10.69
1636,Farleigh,Wreight,fwreightev@google.co.jp,Male,103.194.183.174
1637,Felicio,Filby,ffilbyew@twitpic.com,Male,160.181.207.151
1638,Wilhelmina,Davidove,wdavidoveex@intel.com,Female,83.133.198.86
1639,Mariellen,Faustian,mfaustianey@dagondesign.com,Female,214.145.74.12
1640,Lloyd,Kindell,lkindellez@yale.edu,Male,146.26.126.253
1641,Julia,Camm,jcammf0@friendfeed.com,Female,185.136.3.248
1642,Ringo,Elles,rellesf1@reverbnation.com,Male,244.31.134.104
1643,Zachery,Redon,zredonf2@bloomberg.com,Male,163.0.95.211
1644,Drusie,Marrian,dmarrianf3@ycombinator.com,Female,255.22.113.90
1645,Noellyn,Gaylard,ngaylardf4@nih.gov,Female,235.127.51.95
1646,Janey,Peacher,jpeacherf5@go.com,Female,206.56.177.18
1647,Ariana,Kausche,akauschef6@sina.com.cn,Female,7.43.6.109
1648,Karmen,De Paoli,kdepaolif7@globo.com,Female,165.223.95.171
1649,Raul,Calkin,rcalkinf8@cbsnews.com,Male,226.222.76.162
1650,Marys,Harkin,mharkinf9@wix.com,Female,157.104.207.139
1651,Lincoln,Claxson,lclaxsonfa@cloudflare.com,Male,81.219.21.110
1652,Amye,Sikorski,asikorskifb@icq.com,Female,109.167.21.162
1653,Sibyl,Reihill,sreihillfc@scribd.com,Male,23.5.72.168
1654,Cris,Doucette,cdoucettefd@bing.com,Male,2.57.153.107
1655,Maury,Hamm,mhammfe@mozilla.org,Male,203.219.182.190
1656,Myca,Menichillo,mmenichilloff@mozilla.org,Genderfluid,210.60.136.186
1657,Skippy,Jenkin,sjenkinfg@desdev.cn,Male,81.139.182.22
1658,Marvin,Halton,mhaltonfh@cisco.com,Male,131.218.203.104
1659,Isaiah,Easterling,ieasterlingfi@vinaora.com,Male,237.77.156.231
1660,Gerek,Cockerham,gcockerhamfj@fema.gov,Male,189.53.171.54
1661,Odie,Ware,owarefk@g.co,Male,233.36.155.74
1662,Smitty,Dyka,sdykafl@mashable.com,Male,91.49.128.34
1663,Trey,O'Crotty,tocrottyfm@usatoday.com,Bigender,66.93.80.70
1664,Isabelle,Laytham,ilaythamfn@smh.com.au,Female,254.197.116.201
1665,Kevan,Durrance,kdurrancefo@about.me,Male,206.163.149.76
1666,Franny,Paschek,fpaschekfp@slate.com,Female,197.158.49.223
1667,Kippy,Charlotte,kcharlottefq@dell.com,Female,213.33.102.86
1668,Sallyann,Befroy,sbefroyfr@va.gov,Female,1.106.117.138
1669,Denny,Leyfield,dleyfieldfs@ocn.ne.jp,Male,243.218.209.110
1670,Jenifer,Regi,jregift@nasa.gov,Female,69.67.229.81
1671,Morly,Essberger,messbergerfu@ted.com,Male,219.228.92.175
1672,Jacquie,Howler,jhowlerfv@4shared.com,Female,10.205.191.102
1673,Angelico,Giraldon,agiraldonfw@blinklist.com,Male,245.191.124.16
1674,Jed,Menault,jmenaultfx@blogspot.com,Male,175.32.96.216
1675,Stinky,Grindlay,sgrindlayfy@yolasite.com,Male,201.108.50.153
1676,Dasi,Jupe,djupefz@sogou.com,Female,69.30.82.6
1677,Brigit,Tadman,btadmang0@eepurl.com,Female,92.79.160.70
1678,Marijn,Carmody,mcarmodyg1@utexas.edu,Male,208.72.229.61
1679,Kelsy,Hatch,khatchg2@mac.com,Female,146.144.206.207
1680,Ariela,Myerscough,amyerscoughg3@theguardian.com,Female,33.135.15.8
1681,Darn,Ransbury,dransburyg4@tinypic.com,Male,158.121.254.69
1682,Eleni,Dilliston,edillistong5@wikimedia.org,Female,229.190.236.67
1683,Nikki,Heyward,nheywardg6@cbc.ca,Male,27.73.98.206
1684,Lucienne,Griffoen,lgriffoeng7@answers.com,Female,157.90.7.19
1685,Cathe,Kleyn,ckleyng8@eventbrite.com,Polygender,42.168.229.103
1686,Humfried,Younglove,hyoungloveg9@discovery.com,Male,185.162.69.85
1687,Megen,Durrans,mdurransga@google.co.jp,Female,226.20.223.98
1688,Bryn,Mead,bmeadgb@howstuffworks.com,Female,167.228.90.205
1689,Rhonda,Keller,rkellergc@trellian.com,Polygender,173.99.31.163
1690,Floris,McDirmid,fmcdirmidgd@bigcartel.com,Female,139.153.143.226
1691,Sterling,Kenney,skenneyge@liveinternet.ru,Male,213.138.236.33
1692,Bibi,Giorgietto,bgiorgiettogf@cdbaby.com,Female,48.98.164.58
1693,Hedwiga,Davidzon,hdavidzongg@home.pl,Female,172.72.53.189
1694,Maribelle,Adamo,madamogh@infoseek.co.jp,Female,68.63.19.190
1695,Philis,Crick,pcrickgi@devhub.com,Female,30.147.255.217
1696,Batsheva,Janecki,bjaneckigj@adobe.com,Female,123.192.234.250
1697,Verine,Dowsett,vdowsettgk@issuu.com,Female,167.61.16.144
1698,Felipe,Pargeter,fpargetergl@people.com.cn,Polygender,20.60.43.210
1699,Cecilia,Skellon,cskellongm@slate.com,Female,179.73.20.63
1700,Gabriel,Boutflour,gboutflourgn@nymag.com,Female,138.141.97.235
1701,Regan,Healks,rhealksgo@japanpost.jp,Male,123.116.11.56
1702,Godard,Pilsworth,gpilsworthgp@newyorker.com,Male,99.210.185.242
1703,Jolyn,Aindrais,jaindraisgq@ox.ac.uk,Female,103.29.247.54
1704,Adina,Longmate,alongmategr@tripadvisor.com,Female,99.219.128.109
1705,Goldie,Bartolomeazzi,gbartolomeazzigs@clickbank.net,Female,42.41.241.13
1706,Brewer,Gammel,bgammelgt@plala.or.jp,Male,71.77.72.23
1707,Jodi,Worrill,jworrillgu@npr.org,Male,144.35.59.84
1708,Thoma,Piggin,tpiggingv@sohu.com,Non-binary,239.242.164.204
1709,Reggie,Lebarree,rlebarreegw@rediff.com,Male,74.12.180.93
1710,Uriah,Ion,uiongx@java.com,Male,108.187.110.141
1711,Yorker,Mehew,ymehewgy@geocities.jp,Male,166.240.235.135
1712,Nikolas,Kensley,nkensleygz@comsenz.com,Male,246.194.219.143
1713,Dacie,Barchrameev,dbarchrameevh0@pcworld.com,Female,114.98.12.64
1714,Lacey,Kivelle,lkivelleh1@ftc.gov,Female,74.38.15.68
1715,Zahara,Allchin,zallchinh2@berkeley.edu,Female,236.34.161.230
1716,Rachelle,Hinz,rhinzh3@surveymonkey.com,Female,207.87.18.117
1717,Dolf,Scotchbrook,dscotchbrookh4@netlog.com,Male,250.135.107.148
1718,Ansley,Woodham,awoodhamh5@storify.com,Female,8.192.122.41
1719,Dru,Lettice,dletticeh6@wikipedia.org,Male,8.98.244.134
1720,Janifer,MacGillespie,jmacgillespieh7@ovh.net,Female,238.254.53.54
1721,Florinda,Chisolm,fchisolmh8@ted.com,Female,198.92.153.225
1722,Marcie,Rosenzveig,mrosenzveigh9@taobao.com,Female,202.107.219.199
1723,Blisse,Stormes,bstormesha@php.net,Female,201.200.54.13
1724,Gerick,Barniss,gbarnisshb@sogou.com,Male,208.155.83.51
1725,Dell,Degli Antoni,ddegliantonihc@angelfire.com,Male,103.42.110.154
1726,Anna-diane,MacCallion,amaccallionhd@addtoany.com,Female,114.201.205.42
1727,Cynthea,Matteoli,cmatteolihe@creativecommons.org,Female,164.18.139.141
1728,Georgiana,Plaster,gplasterhf@ovh.net,Female,162.167.0.166
1729,Emma,Sygrove,esygrovehg@timesonline.co.uk,Female,199.28.28.182
1730,Penny,Purdey,ppurdeyhh@simplemachines.org,Genderfluid,112.1.100.215
1731,Margaux,Whitta,mwhittahi@opensource.org,Female,222.141.43.214
1732,Brynne,Le Brom,blebromhj@ucoz.ru,Female,183.113.244.201
1733,Malinda,Pimerick,mpimerickhk@cbc.ca,Bigender,18.240.85.28
1734,Cindie,MacCorley,cmaccorleyhl@abc.net.au,Female,172.190.248.0
1735,Cecilius,Giacobelli,cgiacobellihm@chron.com,Male,70.190.234.14
1736,Lorine,Polding,lpoldinghn@europa.eu,Female,202.230.77.225
1737,Evered,Buret,eburetho@exblog.jp,Male,99.25.141.50
1738,Kiele,MacGorley,kmacgorleyhp@comsenz.com,Female,59.75.106.137
1739,Florri,MacSkeaghan,fmacskeaghanhq@theguardian.com,Female,3.255.235.174
1740,Susannah,Zucker,szuckerhr@jugem.jp,Female,55.128.196.170
1741,Kelcy,Woodrough,kwoodroughhs@ted.com,Female,87.254.123.98
1742,Tarra,Poolton,tpooltonht@gravatar.com,Female,225.170.120.129
1743,Neall,Fullalove,nfullalovehu@europa.eu,Male,143.124.9.12
1744,Meryl,Bassford,mbassfordhv@vkontakte.ru,Female,119.38.207.121
1745,Candida,Wimbush,cwimbushhw@fema.gov,Female,186.25.116.16
1746,Lacie,Magee,lmageehx@so-net.ne.jp,Female,160.195.232.84
1747,Heywood,Hallin,hhallinhy@list-manage.com,Male,19.104.3.88
1748,Adriane,Pennicard,apennicardhz@va.gov,Female,12.238.137.235
1749,Raoul,Bargery,rbargeryi0@unicef.org,Male,9.247.92.226
1750,Norman,Scates,nscatesi1@soup.io,Male,190.253.61.181
1751,Chrissie,Beauman,cbeaumani2@zimbio.com,Male,18.224.21.83
1752,Aleen,Arunowicz,aarunowiczi3@reverbnation.com,Female,37.185.197.29
1753,Olia,Littley,olittleyi4@thetimes.co.uk,Female,255.175.6.170
1754,Dara,Garnsworthy,dgarnsworthyi5@newyorker.com,Female,131.28.148.224
1755,Tanya,Charpin,tcharpini6@huffingtonpost.com,Female,45.11.2.245
1756,Leland,Sainte Paul,lsaintepauli7@wunderground.com,Female,213.98.222.56
1757,Hilton,Englefield,henglefieldi8@engadget.com,Male,172.148.158.251
1758,Sheff,Goudy,sgoudyi9@xing.com,Male,146.110.118.78
1759,Collie,Leek,cleekia@seattletimes.com,Female,249.85.242.98
1760,Terrence,Heenan,theenanib@hibu.com,Male,143.246.44.4
1761,Becki,Castagna,bcastagnaic@reuters.com,Female,176.229.127.90
1762,Lavina,Jacobovitz,ljacobovitzid@1und1.de,Agender,195.168.24.213
1763,Nomi,Dodamead,ndodameadie@telegraph.co.uk,Female,202.167.165.163
1764,Pru,Lacelett,placelettif@amazon.co.uk,Bigender,140.20.86.246
1765,Weber,Coggill,wcoggillig@usnews.com,Male,65.111.143.113
1766,Cyb,MacBean,cmacbeanih@networkadvertising.org,Female,183.9.50.80
1767,Kelley,Sandilands,ksandilandsii@squidoo.com,Female,245.179.217.206
1768,Legra,Lilliman,llillimanij@adobe.com,Female,69.13.143.195
1769,Grete,Siemon,gsiemonik@live.com,Non-binary,59.217.28.14
1770,Jeffie,Weekes,jweekesil@trellian.com,Male,238.171.179.94
1771,Philippine,Slesser,pslesserim@webmd.com,Genderfluid,51.183.229.197
1772,Jaime,McCloch,jmcclochin@weather.com,Female,229.220.60.67
1773,Lolita,Abramcik,labramcikio@1688.com,Female,207.179.185.218
1774,Erminia,Cullington,ecullingtonip@microsoft.com,Female,235.207.34.86
1775,Sayres,Hovert,shovertiq@studiopress.com,Male,230.45.172.95
1776,Jase,Frandsen,jfrandsenir@google.de,Male,202.32.220.85
1777,Ida,Kryska,ikryskais@prnewswire.com,Female,119.112.45.251
1778,Reg,Bursnell,rbursnellit@example.com,Male,125.63.58.199
1779,Anny,Dimitrescu,adimitrescuiu@deviantart.com,Female,40.88.161.155
1780,Maurits,Cartwright,mcartwrightiv@alexa.com,Male,121.222.195.186
1781,Maible,Rubega,mrubegaiw@webs.com,Female,75.144.175.163
1782,Wade,Tabour,wtabourix@whitehouse.gov,Male,126.176.183.174
1783,Chris,Bramo,cbramoiy@moonfruit.com,Female,127.192.235.177
1784,Lesley,Prys,lprysiz@tmall.com,Non-binary,55.174.137.74
1785,Harriette,Ostick,hostickj0@bloglovin.com,Female,227.205.120.185
1786,Seumas,Puckrin,spuckrinj1@issuu.com,Male,213.60.104.45
1787,Malinde,Kerbler,mkerblerj2@wix.com,Female,107.10.19.167
1788,Haily,Tunmore,htunmorej3@thetimes.co.uk,Female,3.25.155.73
1789,Eleonora,Ponten,epontenj4@google.com.hk,Genderqueer,46.105.54.123
1790,Jennee,MacAloren,jmacalorenj5@virginia.edu,Female,98.32.31.23
1791,Charyl,Blaisdell,cblaisdellj6@ifeng.com,Female,81.145.103.0
1792,Waylin,Balducci,wbalduccij7@earthlink.net,Male,247.211.122.165
1793,Saba,Trusdale,strusdalej8@epa.gov,Female,82.185.126.114
1794,Rea,Gowland,rgowlandj9@a8.net,Female,223.217.142.135
1795,Sutherlan,Rudderham,srudderhamja@php.net,Male,242.17.56.91
1796,Garfield,Koeppe,gkoeppejb@clickbank.net,Male,101.18.72.69
1797,Far,Vallerine,fvallerinejc@github.com,Male,49.75.154.120
1798,Hadley,Bastone,hbastonejd@tinypic.com,Male,120.43.40.142
1799,Viv,Corbould,vcorbouldje@tinypic.com,Female,195.91.110.213
1800,Tyson,Ortega,tortegajf@umn.edu,Male,119.246.141.165
1801,Ashby,Wyer,awyerjg@twitter.com,Male,226.20.85.218
1802,Red,Coggles,rcogglesjh@miibeian.gov.cn,Male,128.132.192.138
1803,Kelsey,Binford,kbinfordji@diigo.com,Male,209.13.11.22
1804,Cletus,Kleisle,ckleislejj@salon.com,Male,26.85.104.11
1805,Bard,Willgress,bwillgressjk@usnews.com,Male,61.41.100.95
1806,Lorette,Lukacs,llukacsjl@springer.com,Female,111.102.252.158
1807,Cory,Downham,cdownhamjm@unblog.fr,Polygender,47.211.99.177
1808,Garvin,Cothey,gcotheyjn@ca.gov,Male,254.210.218.184
1809,Ilsa,Stanes,istanesjo@spotify.com,Female,51.21.131.173
1810,Karlan,Greasty,kgreastyjp@craigslist.org,Male,157.112.104.222
1811,Micheal,MacLucais,mmaclucaisjq@github.io,Bigender,243.215.80.173
1812,Barrett,Carrett,bcarrettjr@virginia.edu,Male,157.214.117.202
1813,Lindsay,Svanini,lsvaninijs@ustream.tv,Male,48.52.24.75
1814,Kenyon,Katzmann,kkatzmannjt@phoca.cz,Male,136.234.70.81
1815,Shaylynn,Klezmski,sklezmskiju@typepad.com,Female,50.121.3.52
1816,Gloriana,Charon,gcharonjv@statcounter.com,Female,129.254.40.235
1817,Stacee,Yerrill,syerrilljw@senate.gov,Male,168.159.42.243
1818,Courtnay,Pensom,cpensomjx@edublogs.org,Male,82.56.54.43
1819,Hyacinthie,Whytock,hwhytockjy@harvard.edu,Female,1.91.81.59
1820,Tad,Furze,tfurzejz@github.io,Male,250.238.88.16
1821,Pru,Idell,pidellk0@istockphoto.com,Female,57.252.52.57
1822,Gareth,Regglar,gregglark1@list-manage.com,Bigender,140.42.127.116
1823,Loren,Archibould,larchibouldk2@51.la,Male,45.152.18.12
1824,Dwayne,Lant,dlantk3@spotify.com,Male,99.192.53.196
1825,Lizzie,Donlon,ldonlonk4@mozilla.com,Female,78.231.126.187
1826,Lilas,Shimoni,lshimonik5@nsw.gov.au,Polygender,204.110.157.132
1827,Zeke,Northbridge,znorthbridgek6@ted.com,Male,191.251.24.211
1828,Delaney,Skellern,dskellernk7@opera.com,Male,250.209.244.82
1829,Stephani,Vayne,svaynek8@last.fm,Female,237.87.138.18
1830,Dore,Ray,drayk9@freewebs.com,Female,108.54.223.218
1831,Buddy,Veschi,bveschika@columbia.edu,Male,68.165.69.63
1832,Paco,Glidden,pgliddenkb@netscape.com,Male,169.20.85.37
1833,Jessamyn,McNirlin,jmcnirlinkc@elegantthemes.com,Female,18.209.54.209
1834,Cass,McPherson,cmcphersonkd@foxnews.com,Female,107.252.40.173
1835,Desiree,Sellan,dsellanke@reference.com,Female,167.72.181.21
1836,Joyce,Chudleigh,jchudleighkf@bing.com,Female,95.0.160.150
1837,Garrick,Stephens,gstephenskg@shutterfly.com,Male,175.178.238.86
1838,Mollee,Rivilis,mriviliskh@etsy.com,Female,217.59.213.254
1839,Hogan,Fish,hfishki@fastcompany.com,Male,147.117.185.194
1840,Broddie,Maith,bmaithkj@macromedia.com,Male,84.115.119.46
1841,Efrem,Kipling,ekiplingkk@usgs.gov,Male,116.114.77.98
1842,Cy,Rohfsen,crohfsenkl@reuters.com,Male,218.27.138.253
1843,Julie,Purple,jpurplekm@taobao.com,Female,65.181.195.178
1844,Lyssa,Solan,lsolankn@cdbaby.com,Female,225.227.10.186
1845,Katuscha,Reggler,kregglerko@altervista.org,Female,53.120.101.4
1846,Zachariah,Dressel,zdresselkp@vk.com,Male,46.137.19.18
1847,Geoffrey,Fairham,gfairhamkq@furl.net,Male,109.25.59.141
1848,Winne,Stoneham,wstonehamkr@xing.com,Female,67.47.28.209
1849,Hermann,O'Doireidh,hodoireidhks@amazon.co.uk,Male,88.23.71.172
1850,Sydney,Trundler,strundlerkt@feedburner.com,Male,125.218.138.161
1851,Simon,MacIlory,smaciloryku@tripod.com,Male,241.29.159.15
1852,Miranda,Pelchat,mpelchatkv@comsenz.com,Female,110.106.131.185
1853,Grove,Morsom,gmorsomkw@addtoany.com,Male,42.164.177.118
1854,Loree,Bachura,lbachurakx@parallels.com,Female,221.159.212.188
1855,Dora,Lindley,dlindleyky@clickbank.net,Female,80.146.3.127
1856,Riley,Elford,relfordkz@ox.ac.uk,Male,192.148.137.107
1857,Vincents,Aughton,vaughtonl0@symantec.com,Male,91.3.237.211
1858,Deane,Pierucci,dpieruccil1@photobucket.com,Female,158.55.92.188
1859,Dahlia,Jedrzejczak,djedrzejczakl2@vk.com,Female,62.126.34.245
1860,Michelle,Pittford,mpittfordl3@sourceforge.net,Female,241.66.21.142
1861,Jordana,Giacoboni,jgiacobonil4@gravatar.com,Agender,88.27.7.155
1862,Fredi,Kirimaa,fkirimaal5@engadget.com,Female,157.178.79.76
1863,Waldemar,Viggars,wviggarsl6@newyorker.com,Male,110.43.74.143
1864,Kari,Rogers,krogersl7@symantec.com,Female,134.97.136.59
1865,Justus,Blaycock,jblaycockl8@tinypic.com,Male,109.81.57.214
1866,Beckie,Elfes,belfesl9@webeden.co.uk,Female,125.129.170.136
1867,Lillis,Fairfoot,lfairfootla@bbb.org,Female,80.120.83.92
1868,Ferrel,Neeson,fneesonlb@simplemachines.org,Bigender,106.129.61.3
1869,Aura,Gatheral,agatherallc@photobucket.com,Female,78.96.104.241
1870,Ketti,Jenton,kjentonld@adobe.com,Female,239.185.252.1
1871,Mellicent,Ewin,mewinle@npr.org,Female,90.134.213.67
1872,Dante,Edmundson,dedmundsonlf@linkedin.com,Male,130.110.138.167
1873,Haze,Isaaksohn,hisaaksohnlg@jugem.jp,Male,24.114.170.172
1874,Phylys,Agirre,pagirrelh@youtu.be,Female,30.53.81.208
1875,Mervin,Ambrosch,mambroschli@fastcompany.com,Male,138.7.33.100
1876,Enrica,Uphill,euphilllj@chicagotribune.com,Female,124.18.193.216
1877,Clywd,Dufer,cduferlk@dyndns.org,Genderfluid,18.105.200.110
1878,Deedee,Duckers,dduckersll@naver.com,Female,81.193.157.140
1879,Kimberlee,Kornilyev,kkornilyevlm@fda.gov,Female,145.149.185.254
1880,Willette,Ackerley,wackerleyln@dot.gov,Genderfluid,238.254.45.181
1881,Chelsie,Gillard,cgillardlo@privacy.gov.au,Female,5.122.21.123
1882,Ardelia,Biasio,abiasiolp@smh.com.au,Female,69.191.114.185
1883,Eldin,Phippard,ephippardlq@vimeo.com,Male,208.29.174.188
1884,Skipp,Locarno,slocarnolr@livejournal.com,Male,125.97.182.101
1885,Willie,Tomasini,wtomasinils@prnewswire.com,Female,138.11.221.54
1886,Rafa,Handlin,rhandlinlt@ucoz.com,Female,12.151.58.232
1887,Noellyn,Dwyr,ndwyrlu@wordpress.org,Female,95.79.34.167
1888,Tonie,Gadman,tgadmanlv@prlog.org,Female,0.182.151.157
1889,Kimberly,Luxon,kluxonlw@lycos.com,Female,36.183.103.155
1890,Wain,Gaenor,wgaenorlx@apache.org,Male,234.25.137.74
1891,Cly,Nayshe,cnayshely@vinaora.com,Male,77.228.38.163
1892,Birk,Winsper,bwinsperlz@wiley.com,Male,109.51.166.162
1893,Tera,Killingbeck,tkillingbeckm0@360.cn,Female,58.228.175.227
1894,Wainwright,Axby,waxbym1@illinois.edu,Male,75.139.143.0
1895,Brandice,Mc Andrew,bmcandrewm2@so-net.ne.jp,Female,191.2.85.109
1896,Robbert,Coldbath,rcoldbathm3@virginia.edu,Male,32.90.25.136
1897,Jermayne,Autie,jautiem4@tinyurl.com,Male,212.34.6.197
1898,Mara,Phelp,mphelpm5@usatoday.com,Female,62.105.235.58
1899,Flora,Eyam,feyamm6@weebly.com,Female,82.151.208.22
1900,Frederic,Jeannel,fjeannelm7@usda.gov,Male,67.54.202.153
1901,Nerty,Dockray,ndockraym8@shareasale.com,Female,244.134.10.35
1902,Clyde,Whybrow,cwhybrowm9@independent.co.uk,Male,125.16.87.38
1903,Cob,Thon,cthonma@sina.com.cn,Male,157.8.83.110
1904,Aleda,Karlolczak,akarlolczakmb@wisc.edu,Female,83.130.238.40
1905,Sam,Sclanders,ssclandersmc@google.ru,Male,248.90.23.84
1906,Sonny,Billie,sbilliemd@reuters.com,Female,116.188.142.251
1907,Pepita,Byron,pbyronme@miitbeian.gov.cn,Female,228.24.4.33
1908,Rock,Rickersey,rrickerseymf@discuz.net,Male,214.122.67.177
1909,Irv,Markie,imarkiemg@wordpress.com,Male,184.64.55.11
1910,Johnny,Bool,jboolmh@myspace.com,Male,31.106.251.123
1911,Nessy,Muckleston,nmucklestonmi@shutterfly.com,Female,188.28.80.157
1912,Vevay,Vince,vvincemj@slate.com,Female,71.209.78.67
1913,Hagen,Fleming,hflemingmk@1und1.de,Male,194.110.151.134
1914,Sammie,Pattisson,spattissonml@sbwire.com,Male,80.168.29.250
1915,Duffie,Ragate,dragatemm@drupal.org,Male,23.135.229.206
1916,Tanney,Grotty,tgrottymn@shop-pro.jp,Male,92.15.5.22
1917,Mignon,Willeman,mwillemanmo@cafepress.com,Female,114.153.48.44
1918,Monika,Bamford,mbamfordmp@com.com,Female,221.249.112.162
1919,Justina,Newlove,jnewlovemq@cbsnews.com,Female,53.89.23.111
1920,Si,Aitkin,saitkinmr@twitter.com,Male,2.152.97.34
1921,Eda,Congreave,econgreavems@sun.com,Female,59.131.124.200
1922,Archibold,Erskine Sandys,aerskinesandysmt@state.gov,Male,100.18.32.42
1923,Lauri,Dabinett,ldabinettmu@oaic.gov.au,Female,88.80.176.209
1924,Yancy,Mingey,ymingeymv@bravesites.com,Male,231.201.151.73
1925,Tommie,Lucia,tluciamw@eventbrite.com,Female,77.245.50.177
1926,Arny,Shopcott,ashopcottmx@zdnet.com,Male,15.216.249.197
1927,Mellicent,Lambersen,mlambersenmy@jigsy.com,Female,177.156.21.18
1928,Dimitri,Lowndsbrough,dlowndsbroughmz@cornell.edu,Male,105.63.241.52
1929,Terri,Dyble,tdyblen0@irs.gov,Male,43.123.202.228
1930,Deane,Faulks,dfaulksn1@omniture.com,Male,111.93.226.187
1931,Nikki,Barbie,nbarbien2@myspace.com,Male,100.82.83.31
1932,Minette,MacKissack,mmackissackn3@twitter.com,Female,0.165.245.16
1933,Zeke,Marcum,zmarcumn4@last.fm,Male,185.155.93.156
1934,Heddie,Tinker,htinkern5@arstechnica.com,Female,199.66.94.125
1935,Bernadine,Korous,bkorousn6@reference.com,Female,140.2.30.113
1936,Mikkel,Bracegirdle,mbracegirdlen7@csmonitor.com,Male,1.98.141.77
1937,Rabi,Hurich,rhurichn8@unesco.org,Male,122.83.200.121
1938,Rudiger,Schirak,rschirakn9@t-online.de,Male,159.69.243.156
1939,Reidar,Coltart,rcoltartna@csmonitor.com,Male,6.138.250.95
1940,Karlee,Woollons,kwoollonsnb@skyrock.com,Female,81.202.102.158
1941,Cyrus,Aldham,caldhamnc@trellian.com,Male,89.5.42.191
1942,Nicolle,Kemitt,nkemittnd@360.cn,Female,96.144.169.96
1943,Kiele,Soro,ksorone@homestead.com,Female,2.227.174.251
1944,Domingo,Dunnaway,ddunnawaynf@springer.com,Male,105.175.143.105
1945,Ophelia,Knell,oknellng@list-manage.com,Female,61.93.200.153
1946,Cristiano,Sieb,csiebnh@admin.ch,Genderfluid,204.166.56.39
1947,Bonni,Eye,beyeni@desdev.cn,Female,180.51.128.119
1948,Toiboid,Chiommienti,tchiommientinj@nih.gov,Male,113.128.13.171
1949,Benni,Blacklock,bblacklocknk@rambler.ru,Female,241.143.97.150
1950,Nicolea,Wanjek,nwanjeknl@skyrock.com,Female,201.177.3.228
1951,Gayla,Stanyland,gstanylandnm@angelfire.com,Female,143.199.143.199
1952,Morty,Streater,mstreaternn@nba.com,Male,140.230.78.163
1953,Chaim,Garnam,cgarnamno@ted.com,Male,87.112.104.8
1954,Aloin,Ollarenshaw,aollarenshawnp@google.com.br,Male,162.254.209.16
1955,Ervin,Mattock,emattocknq@amazon.co.jp,Male,128.130.16.106
1956,Kilian,Sieghart,ksieghartnr@yahoo.com,Male,110.232.130.131
1957,Matthaeus,Cristofolini,mcristofolinins@uol.com.br,Male,254.249.206.171
1958,Mordecai,Mathiasen,mmathiasennt@diigo.com,Male,183.243.77.137
1959,Maye,Lambersen,mlambersennu@europa.eu,Female,188.74.25.165
1960,Bo,McLugaish,bmclugaishnv@opera.com,Male,62.26.157.229
1961,Isa,Whiten,iwhitennw@bloglovin.com,Male,83.179.66.157
1962,Cecily,Sisland,csislandnx@stanford.edu,Female,183.150.193.11
1963,Gussy,McMennum,gmcmennumny@woothemes.com,Genderfluid,157.89.31.25
1964,Rourke,Albone,ralbonenz@amazonaws.com,Male,227.184.221.251
1965,Ky,Rantoull,krantoullo0@chronoengine.com,Male,203.236.239.8
1966,Glenn,Yewman,gyewmano1@europa.eu,Female,91.212.137.136
1967,Ellie,Faudrie,efaudrieo2@twitpic.com,Female,77.110.241.111
1968,Steffi,Banbridge,sbanbridgeo3@technorati.com,Female,135.212.65.73
1969,Dieter,Wanne,dwanneo4@mtv.com,Male,236.209.106.74
1970,Holden,Hellyar,hhellyaro5@instagram.com,Male,232.11.227.75
1971,Nora,Boyen,nboyeno6@dailymail.co.uk,Female,161.203.204.252
1972,Lolita,Gerhts,lgerhtso7@chronoengine.com,Bigender,127.157.163.213
1973,Chilton,Bowmer,cbowmero8@123-reg.co.uk,Male,1.58.77.98
1974,Andi,Ikins,aikinso9@webs.com,Genderfluid,168.74.64.245
1975,Tymon,Cornell,tcornelloa@digg.com,Male,205.35.55.220
1976,Mike,McQuillin,mmcquillinob@dagondesign.com,Male,201.66.96.104
1977,Cyb,Montez,cmontezoc@tmall.com,Female,68.123.177.228
1978,Abbi,Nobriga,anobrigaod@rediff.com,Female,195.170.113.23
1979,Mannie,Simmen,msimmenoe@flickr.com,Male,212.110.41.213
1980,Archaimbaud,Crighton,acrightonof@cdc.gov,Male,11.28.58.112
1981,Melita,Cavill,mcavillog@ocn.ne.jp,Female,144.139.208.70
1982,Kikelia,Petticrew,kpetticrewoh@livejournal.com,Female,244.82.25.127
1983,Tommie,Myring,tmyringoi@google.de,Male,62.187.188.111
1984,Desiree,Hunnicutt,dhunnicuttoj@ameblo.jp,Female,216.12.200.174
1985,Aindrea,Vasilchenko,avasilchenkook@hostgator.com,Female,147.77.107.10
1986,Athene,Mucci,amucciol@wp.com,Female,57.150.215.88
1987,Emeline,Rupprecht,erupprechtom@yahoo.co.jp,Female,5.28.61.251
1988,Abbey,Longfut,alongfuton@telegraph.co.uk,Male,143.168.167.227
1989,Bradney,Sijmons,bsijmonsoo@dyndns.org,Male,186.38.28.230
1990,Rosalia,Swabey,rswabeyop@goo.gl,Female,147.84.234.188
1991,Jolynn,Fores,jforesoq@devhub.com,Female,34.82.106.97
1992,Davis,Stiling,dstilingor@tuttocitta.it,Male,168.36.232.232
1993,Jada,Hrinishin,jhrinishinos@theglobeandmail.com,Female,229.8.206.165
1994,Chaddy,Leupold,cleupoldot@umn.edu,Male,213.116.150.114
1995,Jessie,Matteotti,jmatteottiou@sbwire.com,Male,12.155.66.195
1996,Susana,Capenor,scapenorov@cyberchimps.com,Female,153.151.195.18
1997,Peterus,Deetlefs,pdeetlefsow@goo.ne.jp,Male,158.124.214.158
1998,Arnuad,Lothlorien,alothlorienox@imgur.com,Non-binary,68.174.221.138
1999,Jennee,Sadd,jsaddoy@google.ca,Non-binary,56.12.172.246
2000,Myrtle,Trenear,mtrenearoz@apache.org,Female,35.22.8.204
2001,Rochelle,Juza,rjuzap0@senate.gov,Female,88.62.105.225
2002,Godiva,Riccardini,griccardinip1@howstuffworks.com,Female,32.178.177.134
2003,Dunstan,Sitford,dsitfordp2@newyorker.com,Male,1.53.13.201
2004,Lorelle,Canter,lcanterp3@google.nl,Female,232.19.225.247
2005,Luelle,Neeson,lneesonp4@altervista.org,Female,105.126.158.149
2006,Sally,Thalmann,sthalmannp5@yandex.ru,Female,181.185.50.250
2007,Alfie,Trewhella,atrewhellap6@foxnews.com,Male,209.184.29.201
2008,Adelina,Mulhall,amulhallp7@canalblog.com,Female,200.127.35.60
2009,Tamqrah,Ashbridge,tashbridgep8@devhub.com,Female,115.5.119.112
2010,Olag,Perone,operonep9@buzzfeed.com,Male,107.195.132.244
2011,Modesty,Mc Giffin,mmcgiffinpa@examiner.com,Female,11.211.99.222
2012,Kittie,Ommundsen,kommundsenpb@weibo.com,Polygender,159.184.222.248
2013,Pasquale,O'Toole,potoolepc@hud.gov,Male,12.86.196.227
2014,Cortie,Pinney,cpinneypd@samsung.com,Male,83.84.39.28
2015,Frederich,McClean,fmccleanpe@youtube.com,Male,7.161.63.113
2016,Babs,Littlecote,blittlecotepf@mayoclinic.com,Female,90.118.79.90
2017,Monika,Fihelly,mfihellypg@blogs.com,Polygender,26.159.76.154
2018,Enrichetta,Ollerhad,eollerhadph@linkedin.com,Female,2.110.23.196
2019,Iosep,Baruch,ibaruchpi@archive.org,Agender,173.20.249.49
2020,Alisun,Ramirez,aramirezpj@unesco.org,Female,220.31.150.243
2021,Shadow,Altimas,saltimaspk@tumblr.com,Male,67.122.73.54
2022,Clari,Reinhard,creinhardpl@examiner.com,Female,143.15.89.236
2023,Kirby,Pougher,kpougherpm@gravatar.com,Female,38.69.104.40
2024,Sula,Jados,sjadospn@cloudflare.com,Female,233.83.172.33
2025,Derick,Trickey,dtrickeypo@multiply.com,Genderfluid,59.67.171.37
2026,Gilbert,Sutlieff,gsutlieffpp@homestead.com,Male,167.89.103.31
2027,Alice,Rosa,arosapq@trellian.com,Female,94.185.64.7
2028,Elnore,Jablonski,ejablonskipr@hp.com,Female,231.196.135.222
2029,Katina,Unwins,kunwinsps@omniture.com,Female,116.166.64.171
2030,Jaquelin,Rigglesford,jrigglesfordpt@sohu.com,Female,242.250.115.197
2031,Briggs,Maharry,bmaharrypu@i2i.jp,Male,235.215.248.181
2032,Nikola,Roydon,nroydonpv@mtv.com,Male,188.67.131.32
2033,Traver,Dechelle,tdechellepw@vimeo.com,Male,220.129.177.113
2034,Ingram,Lower,ilowerpx@twitpic.com,Male,65.36.198.249
2035,Melantha,de Cullip,mdecullippy@mediafire.com,Female,252.254.227.209
2036,Francisco,Pendrigh,fpendrighpz@house.gov,Male,24.137.24.14
2037,Hobard,Abernethy,habernethyq0@infoseek.co.jp,Polygender,218.219.3.42
2038,Deloris,Gawn,dgawnq1@xing.com,Genderfluid,56.236.194.248
2039,Henderson,Puve,hpuveq2@shinystat.com,Male,66.207.54.111
2040,Camille,Stanion,cstanionq3@amazon.com,Female,236.215.93.57
2041,Aryn,Murty,amurtyq4@wiley.com,Female,198.144.23.53
2042,Clari,Drescher,cdrescherq5@prlog.org,Female,229.181.122.121
2043,Whitney,Crummey,wcrummeyq6@mail.ru,Polygender,246.69.83.197
2044,Darla,Caves,dcavesq7@mac.com,Female,252.26.187.139
2045,Adrienne,Kevern,akevernq8@edublogs.org,Female,67.78.120.132
2046,Sol,Carress,scarressq9@reddit.com,Male,43.194.75.255
2047,Lester,Donnison,ldonnisonqa@youtu.be,Male,187.15.27.205
2048,Aurie,Rutley,arutleyqb@google.com.hk,Female,170.156.158.60
2049,Jeanette,Middlehurst,jmiddlehurstqc@wordpress.org,Female,92.250.57.192
2050,Jeniece,Penn,jpennqd@liveinternet.ru,Female,28.94.121.104
2051,Neddy,Paydon,npaydonqe@google.com,Male,104.79.48.173
2052,Murray,Grishagin,mgrishaginqf@reference.com,Male,204.54.112.176
2053,Jacqui,Lownes,jlownesqg@wikispaces.com,Polygender,36.167.95.103
2054,Siobhan,Stembridge,sstembridgeqh@g.co,Agender,51.20.76.69
2055,Oby,Harrowell,oharrowellqi@cargocollective.com,Male,78.124.141.243
2056,Larisa,Allington,lallingtonqj@skype.com,Female,45.56.148.17
2057,Audre,Manchett,amanchettqk@wp.com,Female,247.186.219.183
2058,Darcey,Calverd,dcalverdql@reference.com,Female,51.134.18.132
2059,Sallyanne,Fesby,sfesbyqm@youtu.be,Female,222.147.22.115
2060,Deeann,Bispo,dbispoqn@qq.com,Female,220.144.218.47
2061,Norrie,Killock,nkillockqo@go.com,Female,255.68.3.255
2062,Edgar,Videneev,evideneevqp@chronoengine.com,Male,224.131.220.70
2063,Annaliese,McKomb,amckombqq@weather.com,Genderfluid,174.84.107.139
2064,Verne,St. Pierre,vstpierreqr@themeforest.net,Male,58.146.58.1
2065,Priscella,Lamp,plampqs@weebly.com,Female,246.110.115.100
2066,Enoch,Bravey,ebraveyqt@blogs.com,Male,142.200.146.1
2067,Gloriana,Pressdee,gpressdeequ@wsj.com,Female,98.57.78.17
2068,Farica,Warlaw,fwarlawqv@xing.com,Female,70.147.16.154
2069,Livvy,Rhoades,lrhoadesqw@miibeian.gov.cn,Female,4.124.233.233
2070,Merwin,Frowing,mfrowingqx@gmpg.org,Male,87.116.103.176
2071,Kass,Seamans,kseamansqy@cnbc.com,Polygender,111.12.199.156
2072,Tim,Aldam,taldamqz@noaa.gov,Female,204.60.73.164
2073,Nalani,Banaszczyk,nbanaszczykr0@edublogs.org,Female,217.76.122.148
2074,Kimberli,Ferras,kferrasr1@nps.gov,Female,248.28.7.69
2075,Bernita,Curness,bcurnessr2@github.io,Female,29.62.182.221
2076,Dorise,Oganesian,doganesianr3@fotki.com,Bigender,169.191.52.30
2077,Martyn,Ciccottini,mciccottinir4@unc.edu,Male,1.18.162.131
2078,Dona,Bewsy,dbewsyr5@php.net,Female,171.156.95.19
2079,Alexis,Laslett,alaslettr6@un.org,Female,39.236.138.8
2080,Rafi,Woodruff,rwoodruffr7@google.de,Male,191.146.62.90
2081,Pamela,Brehaut,pbrehautr8@jalbum.net,Female,178.234.51.163
2082,Armand,Wombwell,awombwellr9@slideshare.net,Polygender,56.31.231.209
2083,Maryjo,Frankish,mfrankishra@boston.com,Female,88.203.176.92
2084,Link,Derington,lderingtonrb@eepurl.com,Male,217.173.160.45
2085,Mart,Jerschke,mjerschkerc@4shared.com,Male,20.202.37.255
2086,Claude,Croke,ccrokerd@google.de,Female,152.222.73.173
2087,Hedwig,Dudden,hduddenre@intel.com,Female,176.128.246.222
2088,Joana,Mussington,jmussingtonrf@amazon.co.jp,Female,43.102.177.56
2089,Briana,Roderighi,broderighirg@soup.io,Female,204.185.242.81
2090,Ashil,Littley,alittleyrh@disqus.com,Female,231.76.239.187
2091,Thorpe,Howford,thowfordri@sina.com.cn,Male,202.96.32.233
2092,Emylee,Scown,escownrj@europa.eu,Female,67.45.52.91
2093,Wiley,I'anson,wiansonrk@hao123.com,Male,160.240.28.201
2094,Hillery,Tinn,htinnrl@theglobeandmail.com,Male,40.100.89.9
2095,Torey,Hyndley,thyndleyrm@phoca.cz,Male,6.114.245.212
2096,Joly,Panchin,jpanchinrn@about.com,Female,192.196.173.188
2097,Merrielle,Whymark,mwhymarkro@topsy.com,Female,33.247.198.100
2098,Shaylah,Roantree,sroantreerp@jigsy.com,Female,192.46.212.115
2099,Cayla,Waliszek,cwaliszekrq@theguardian.com,Polygender,181.229.205.206
2100,Raychel,Whyler,rwhylerrr@instagram.com,Female,235.151.89.142
